row,title,doi,status,detail
2,"A mechanistic model of connector hubs, modularity and cognition",https://doi.org/10.1038/s41562-018-0420-6,paper_downloaded,already present
3,A Modular Organization of LRR Protein-Mediated Synaptic Adhesion Defines Synapse Identity.,https://doi.org/10.1016/j.neuron.2018.06.026,abstract_downloaded,already present
4,A multi-objective ant colony optimization algorithm for community detection in complex networks,https://doi.org/10.1007/s12652-018-1159-7,no_content_found,DOI resolves but no OA PDF or abstract was found
5,A network of human functional gene interactions from knockout fitness screens in cancer cells,https://doi.org/10.26508/lsa.201800278,paper_downloaded,already present
6,Arabidopsis GCN2 kinase contributes to ABA homeostasis and stomatal immunity,https://doi.org/10.1038/s42003-019-0544-x,paper_downloaded,already present
7,Artificial intelligence in cancer target identification and drug discovery,https://doi.org/10.1038/s41392-022-00994-0,paper_downloaded,already present
8,Autonomous inference of complex network dynamics from incomplete and noisy data,https://doi.org/10.1038/s43588-022-00217-0,paper_downloaded,already present
9,Biomimetic Supramolecular Polymer Networks Exhibiting both Toughness and Self‐Recovery,https://doi.org/10.1002/adma.201604951,abstract_downloaded,already present
10,Characterizing Endogenous Protein Complexes with Biological Mass Spectrometry,https://doi.org/10.1021/acs.chemrev.1c00217,abstract_downloaded,already present
11,Differential gene regulatory networks in development and disease,https://doi.org/10.1007/s00018-017-2679-6,no_content_found,DOI resolves but no OA PDF or abstract was found
12,Emergent Hyperbolic Network Geometry,https://doi.org/10.1038/srep41974,abstract_downloaded,saved /Users/jlheller/home/Technical/repos/ModularitySurvey/db/abstracts/10.1038_srep41974.txt
13,EMT Factors and Metabolic Pathways in Cancer,https://doi.org/10.3389/fonc.2020.00499,paper_downloaded,saved /Users/jlheller/home/Technical/repos/ModularitySurvey/db/papers/10.3389_fonc.2020.00499.pdf
14,Endosome and Golgi‐associated degradation (EGAD) of membrane proteins regulates sphingolipid metabolism,https://doi.org/10.15252/embj.2018101433,paper_downloaded,saved /Users/jlheller/home/Technical/repos/ModularitySurvey/db/papers/10.15252_embj.2018101433.pdf
15,ESCRT-III is required for scissioning new peroxisomes from the endoplasmic reticulum,https://doi.org/10.1083/jcb.201706044,abstract_downloaded,saved /Users/jlheller/home/Technical/repos/ModularitySurvey/db/abstracts/10.1083_jcb.201706044.txt
16,Explainability in Graph Neural Networks: A Taxonomic Survey,https://doi.org/10.1109/TPAMI.2022.3204236,abstract_downloaded,saved /Users/jlheller/home/Technical/repos/ModularitySurvey/db/abstracts/10.1109_TPAMI.2022.3204236.txt
17,Genetic analysis of the Candida albicans biofilm transcription factor network using simple and complex haploinsufficiency,https://doi.org/10.1371/journal.pgen.1006948,paper_downloaded,saved /Users/jlheller/home/Technical/repos/ModularitySurvey/db/papers/10.1371_journal.pgen.1006948.pdf
18,mitch: multi-contrast pathway enrichment for multi-omics and single-cell profiling data,https://doi.org/10.1186/s12864-020-06856-9,paper_downloaded,saved /Users/jlheller/home/Technical/repos/ModularitySurvey/db/papers/10.1186_s12864-020-06856-9.pdf
19,ModelBricks — Modules for Reproducible Modeling Improving Model Annotation and Provenance,https://doi.org/10.1038/s41540-019-0117-x,invalid_doi,DOI does not resolve via Crossref
20,"mRNAs, proteins and the emerging principles of gene expression control",https://doi.org/10.1038/s41576-020-0258-4,no_content_found,DOI resolves but no OA PDF or abstract was found
21,Parcellating connectivity in spatial maps,https://doi.org/10.7717/peerj.784,abstract_downloaded,saved /Users/jlheller/home/Technical/repos/ModularitySurvey/db/abstracts/10.7717_peerj.784.txt
22,Reactome pathway analysis: a high-performance in-memory approach,https://doi.org/10.1186/s12859-017-1559-2,paper_downloaded,saved /Users/jlheller/home/Technical/repos/ModularitySurvey/db/papers/10.1186_s12859-017-1559-2.pdf
23,Reverse Engineering of Biological Complexity,https://doi.org/10.1126/science.1069981,abstract_downloaded,saved /Users/jlheller/home/Technical/repos/ModularitySurvey/db/abstracts/10.1126_science.1069981.txt
24,Spectral properties of complex networks.,https://doi.org/10.1063/1.5040897,paper_downloaded,saved /Users/jlheller/home/Technical/repos/ModularitySurvey/db/papers/10.1063_1.5040897.pdf
25,Spontaneous Evolution of Modularity and Network Motifs,https://doi.org/10.1073/pnas.0503610102,abstract_downloaded,saved /Users/jlheller/home/Technical/repos/ModularitySurvey/db/abstracts/10.1073_pnas.0503610102.txt
26,Suppression of Enhancer Overactivation by a RACK7-Histone Demethylase Complex,https://doi.org/10.1016/j.cell.2016.02.064,abstract_downloaded,saved /Users/jlheller/home/Technical/repos/ModularitySurvey/db/abstracts/10.1016_j.cell.2016.02.064.txt
27,The Evolutionary Origins of Modularity,https://doi.org/10.1098/rspb.2012.2863,abstract_downloaded,saved /Users/jlheller/home/Technical/repos/ModularitySurvey/db/abstracts/10.1098_rspb.2012.2863.txt
28,The Mammalian MAPK/ERK Pathway Exhibits Properties of a Negative Feedback Amplifier,https://doi.org/10.1126/scisignal.2001212,abstract_downloaded,saved /Users/jlheller/home/Technical/repos/ModularitySurvey/db/abstracts/10.1126_scisignal.2001212.txt
29,Toward heterogeneous information fusion: bipartite graph convolutional networks for in silico drug repurposing,https://doi.org/10.1093/bioinformatics/btaa437,abstract_downloaded,saved /Users/jlheller/home/Technical/repos/ModularitySurvey/db/abstracts/10.1093_bioinformatics_btaa437.txt
30,Use of Graph Database for the Integration of Heterogeneous Biological Data,https://doi.org/10.5808/GI.2017.15.1.19,paper_downloaded,saved /Users/jlheller/home/Technical/repos/ModularitySurvey/db/papers/10.5808_GI.2017.15.1.19.pdf
31,Winner-takes-all resource competition redirects cascading cell fate transitions,https://doi.org/10.1038/s41467-021-21125-3,paper_downloaded,saved /Users/jlheller/home/Technical/repos/ModularitySurvey/db/papers/10.1038_s41467-021-21125-3.pdf
32,‘Z4’ Complex Member Fusions in NUT Carcinoma: Implications for a Novel Oncogenic Mechanism,https://doi.org/10.1158/1541-7786.MCR-18-0474,abstract_downloaded,saved /Users/jlheller/home/Technical/repos/ModularitySurvey/db/abstracts/10.1158_1541-7786.MCR-18-0474.txt
33,A Cell-Based Systems Biology Assessment of Human Blood to Monitor Immune Responses after Influenza Vaccination,https://doi.org/10.1371/journal.pone.0118528,paper_downloaded,saved /Users/jlheller/home/Technical/repos/ModularitySurvey/db/papers/10.1371_journal.pone.0118528.pdf
34,A census of pathway maps in cancer systems biology,https://doi.org/10.1038/s41568-020-0240-7,abstract_downloaded,saved /Users/jlheller/home/Technical/repos/ModularitySurvey/db/abstracts/10.1038_s41568-020-0240-7.txt
35,A community-based transcriptomics classification and nomenclature of neocortical cell types,https://doi.org/10.1038/s41593-020-0685-8,paper_downloaded,saved /Users/jlheller/home/Technical/repos/ModularitySurvey/db/papers/10.1038_s41593-020-0685-8.pdf
36,A Compendium of Genetic Modifiers of Mitochondrial Dysfunction Reveals Intra-Organelle Buffering,https://doi.org/10.1016/j.cell.2019.10.032,abstract_downloaded,saved /Users/jlheller/home/Technical/repos/ModularitySurvey/db/abstracts/10.1016_j.cell.2019.10.032.txt
37,A Complex Systems Approach to Aging Biology,https://doi.org/10.1038/s43587-022-00252-6,paper_downloaded,saved /Users/jlheller/home/Technical/repos/ModularitySurvey/db/papers/10.1038_s43587-022-00252-6.pdf
38,"A comprehensive analysis of coregulator recruitment, androgen receptor function and gene expression in prostate cancer",https://doi.org/10.7554/eLife.28482,abstract_downloaded,saved /Users/jlheller/home/Technical/repos/ModularitySurvey/db/abstracts/10.7554_eLife.28482.txt
39,A comprehensive clinically informed map of dependencies in cancer cells and framework for target prioritization.,https://doi.org/10.1016/j.ccell.2023.12.016,abstract_downloaded,saved /Users/jlheller/home/Technical/repos/ModularitySurvey/db/abstracts/10.1016_j.ccell.2023.12.016.txt
40,A Comprehensive Survey on Community Detection With Deep Learning,https://doi.org/10.1109/TNNLS.2021.3137396,paper_downloaded,saved /Users/jlheller/home/Technical/repos/ModularitySurvey/db/papers/10.1109_TNNLS.2021.3137396.pdf
41,A conserved and regulated mechanism drives endosomal Rab transition,https://doi.org/10.7554/eLife.56090,abstract_downloaded,saved /Users/jlheller/home/Technical/repos/ModularitySurvey/db/abstracts/10.7554_eLife.56090.txt
42,A Disinhibitory Circuit Motif and Flexible Information Routing in the Brain,https://doi.org/10.1016/j.conb.2018.01.002,abstract_downloaded,saved /Users/jlheller/home/Technical/repos/ModularitySurvey/db/abstracts/10.1016_j.conb.2018.01.002.txt
43,A Double Negative Feedback Loop between mTORC1 and AMPK Kinases Guarantees Precise Autophagy Induction upon Cellular Stress,https://doi.org/10.3390/ijms20225543,abstract_downloaded,saved /Users/jlheller/home/Technical/repos/ModularitySurvey/db/abstracts/10.3390_ijms20225543.txt
44,A Dynamical Paradigm for Molecular Cell Biology,https://doi.org/10.1016/j.tcb.2020.04.002,abstract_downloaded,saved /Users/jlheller/home/Technical/repos/ModularitySurvey/db/abstracts/10.1016_j.tcb.2020.04.002.txt
45,A feedback loop of conditionally stable circuits drives the cell cycle from checkpoint to checkpoint,https://doi.org/10.1038/s41598-019-52725-1,paper_downloaded,saved /Users/jlheller/home/Technical/repos/ModularitySurvey/db/papers/10.1038_s41598-019-52725-1.pdf
46,A folded conformation of MukBEF and cohesin,https://doi.org/10.1038/s41594-019-0196-z,abstract_downloaded,saved /Users/jlheller/home/Technical/repos/ModularitySurvey/db/abstracts/10.1038_s41594-019-0196-z.txt
47,A genetic mammalian proportional–integral feedback control circuit for robust and precise gene regulation,https://doi.org/10.1073/pnas.2122132119,abstract_downloaded,saved /Users/jlheller/home/Technical/repos/ModularitySurvey/db/abstracts/10.1073_pnas.2122132119.txt
48,A Genetic Model of the Connectome,https://doi.org/10.1016/j.neuron.2019.10.031,abstract_downloaded,saved /Users/jlheller/home/Technical/repos/ModularitySurvey/db/abstracts/10.1016_j.neuron.2019.10.031.txt
49,A genome-wide atlas of co-essential modules assigns function to uncharacterized genes,https://doi.org/10.1038/s41588-021-00840-z,abstract_downloaded,saved /Users/jlheller/home/Technical/repos/ModularitySurvey/db/abstracts/10.1038_s41588-021-00840-z.txt
50,A global genetic interaction map of a human cell reveals conserved principles of genetic networks,https://pubmed.ncbi.nlm.nih.gov/40631273/,invalid_doi,DOI does not resolve via Crossref
51,A global genetic interaction network maps a wiring diagram of cellular function,https://doi.org/10.1126/science.aaf1420,abstract_downloaded,saved /Users/jlheller/home/Technical/repos/ModularitySurvey/db/abstracts/10.1126_science.aaf1420.txt
52,A graph regularized generalized matrix factorization model for predicting links in biomedical bipartite networks,https://doi.org/10.1093/bioinformatics/btaa157,abstract_downloaded,saved /Users/jlheller/home/Technical/repos/ModularitySurvey/db/abstracts/10.1093_bioinformatics_btaa157.txt
53,A Load Driver Device for Engineering Modularity in Biological Networks,https://doi.org/10.1038/nbt.3044,abstract_downloaded,saved /Users/jlheller/home/Technical/repos/ModularitySurvey/db/abstracts/10.1038_nbt.3044.txt
54,A local regulatory T cell feedback circuit maintains immune homeostasis by pruning self-activated T cells,https://doi.org/10.1016/j.cell.2021.05.028,abstract_downloaded,saved /Users/jlheller/home/Technical/repos/ModularitySurvey/db/abstracts/10.1016_j.cell.2021.05.028.txt
55,A Maternal Functional Module in the Mammalian Oocyte-To-Embryo Transition.,https://doi.org/10.1016/j.molmed.2017.09.004,no_content_found,DOI resolves but no OA PDF or abstract was found
56,"A mechanistic model of connector hubs, modularity and cognition",https://doi.org/10.1038/s41562-018-0420-6,paper_downloaded,already present
57,A meta-analysis of Boolean network models reveals design principles of gene regulatory networks,https://doi.org/10.1126/sciadv.adj0822,abstract_downloaded,saved /Users/jlheller/home/Technical/repos/ModularitySurvey/db/abstracts/10.1126_sciadv.adj0822.txt
58,A module of negative feedback regulators defines growth factor signaling,https://doi.org/10.1038/ng1987,no_content_found,DOI resolves but no OA PDF or abstract was found
59,A multi-objective ant colony optimization algorithm for community detection in complex networks,https://doi.org/10.1007/s12652-018-1159-7,no_content_found,DOI resolves but no OA PDF or abstract was found
60,A Network Neuroscience of Human Learning: Potential To Inform Quantitative Theories of Brain and Behavior,https://doi.org/10.1016/j.tics.2017.01.010,abstract_downloaded,saved /Users/jlheller/home/Technical/repos/ModularitySurvey/db/abstracts/10.1016_j.tics.2017.01.010.txt
61,A network of RNA-binding proteins controls translation efficiency to activate anaerobic metabolism,https://doi.org/10.1038/s41467-020-16504-1,paper_downloaded,saved /Users/jlheller/home/Technical/repos/ModularitySurvey/db/papers/10.1038_s41467-020-16504-1.pdf
62,A network pharmacology approach to explore the potential targets underlying the effect of sinomenine on rheumatoid arthritis.,https://doi.org/10.1016/j.intimp.2020.106201,abstract_downloaded,saved /Users/jlheller/home/Technical/repos/ModularitySurvey/db/abstracts/10.1016_j.intimp.2020.106201.txt
63,A new phylogenetic test for comparing multiple high‐dimensional evolutionary rates suggests interplay of evolutionary rates and modularity in lanternfishes (Myctophiformes; Myctophidae),https://doi.org/10.1111/evo.12743,abstract_downloaded,saved /Users/jlheller/home/Technical/repos/ModularitySurvey/db/abstracts/10.1111_evo.12743.txt
64,A parallel adder coordinates mycobacterial cell cycle progression and cell size homeostasis in the context of asymmetric growth and organization,https://doi.org/10.1016/j.cub.2017.09.046,abstract_downloaded,saved /Users/jlheller/home/Technical/repos/ModularitySurvey/db/abstracts/10.1016_j.cub.2017.09.046.txt
65,"A Path Toward Explainable AI and Autonomous Adaptive Intelligence: Deep Learning, Adaptive Resonance, and Models of Perception, Emotion, and Action",https://doi.org/10.3389/fnbot.2020.00036,paper_downloaded,saved /Users/jlheller/home/Technical/repos/ModularitySurvey/db/papers/10.3389_fnbot.2020.00036.pdf
66,"A Pooled shRNA Screen Identifies Rbm15, Spen, and Wtap as Factors Required for Xist RNA-Mediated Silencing",https://doi.org/10.1016/j.celrep.2015.06.053,abstract_downloaded,saved /Users/jlheller/home/Technical/repos/ModularitySurvey/db/abstracts/10.1016_j.celrep.2015.06.053.txt
67,A quantitative genome-wide RNAi screen in C. elegans for antifungal innate immunity genes,https://doi.org/10.1186/s12915-016-0256-3,paper_downloaded,saved /Users/jlheller/home/Technical/repos/ModularitySurvey/db/papers/10.1186_s12915-016-0256-3.pdf
68,A quantitative map of human Condensins provides new insights into mitotic chromosome architecture,https://doi.org/10.1083/jcb.201801048,abstract_downloaded,saved /Users/jlheller/home/Technical/repos/ModularitySurvey/db/abstracts/10.1083_jcb.201801048.txt
69,A quasi-integral controller for adaptation of genetic modules to variable ribosome demand,https://doi.org/10.1038/s41467-018-07899-z,paper_downloaded,saved /Users/jlheller/home/Technical/repos/ModularitySurvey/db/papers/10.1038_s41467-018-07899-z.pdf
70,A rapid and accurate approach for prediction of interactomes from co-elution data (PrInCE),https://doi.org/10.1186/s12859-017-1865-8,paper_downloaded,saved /Users/jlheller/home/Technical/repos/ModularitySurvey/db/papers/10.1186_s12859-017-1865-8.pdf
71,"A Reappraisal of How to Build Modular, Reusable Models of Biological Systems",https://doi.org/10.1371/journal.pcbi.1003849,paper_downloaded,saved /Users/jlheller/home/Technical/repos/ModularitySurvey/db/papers/10.1371_journal.pcbi.1003849.pdf
72,A reference map of the human binary protein interactome,https://doi.org/10.1038/s41586-020-2188-x,paper_downloaded,saved /Users/jlheller/home/Technical/repos/ModularitySurvey/db/papers/10.1038_s41586-020-2188-x.pdf
73,A Retrospective on eIF2A—and Not the Alpha Subunit of eIF2,https://doi.org/10.3390/ijms21062054,abstract_downloaded,saved /Users/jlheller/home/Technical/repos/ModularitySurvey/db/abstracts/10.3390_ijms21062054.txt
74,A review of modularization techniques in artificial neural networks,https://doi.org/10.1007/s10462-019-09706-7,paper_downloaded,saved /Users/jlheller/home/Technical/repos/ModularitySurvey/db/papers/10.1007_s10462-019-09706-7.pdf
75,A Review of Pathway-Based Analysis Tools That Visualize Genetic Variants,https://doi.org/10.3389/fgene.2017.00174,paper_downloaded,saved /Users/jlheller/home/Technical/repos/ModularitySurvey/db/papers/10.3389_fgene.2017.00174.pdf
76,"A review on locomotion robophysics: the study of movement at the intersection of robotics, soft matter and dynamical systems",https://doi.org/10.1088/0034-4885/79/11/110001,paper_downloaded,saved /Users/jlheller/home/Technical/repos/ModularitySurvey/db/papers/10.1088_0034-4885_79_11_110001.pdf
77,A spectrum of modularity in multi‐functional gene circuits,https://doi.org/10.15252/msb.20167347,abstract_downloaded,saved /Users/jlheller/home/Technical/repos/ModularitySurvey/db/abstracts/10.15252_msb.20167347.txt
78,A spectrum of routing strategies for brain networks,https://doi.org/10.1371/journal.pcbi.1006833,paper_downloaded,saved /Users/jlheller/home/Technical/repos/ModularitySurvey/db/papers/10.1371_journal.pcbi.1006833.pdf
79,A Survey on Subgraph Counting,https://doi.org/10.1145/3433652,abstract_downloaded,saved /Users/jlheller/home/Technical/repos/ModularitySurvey/db/abstracts/10.1145_3433652.txt
80,A synergistic core for human brain evolution and cognition,https://doi.org/10.1101/2020.09.22.308981,abstract_downloaded,saved /Users/jlheller/home/Technical/repos/ModularitySurvey/db/abstracts/10.1101_2020.09.22.308981.txt
81,A Synthetic Mammalian Therapeutic Gene Circuit for Sensing and Suppressing Inflammation.,https://doi.org/10.1016/j.ymthe.2016.10.005,abstract_downloaded,saved /Users/jlheller/home/Technical/repos/ModularitySurvey/db/abstracts/10.1016_j.ymthe.2016.10.005.txt
82,A systematic comparative evaluation of biclustering techniques,https://doi.org/10.1186/s12859-017-1487-1,paper_downloaded,saved /Users/jlheller/home/Technical/repos/ModularitySurvey/db/papers/10.1186_s12859-017-1487-1.pdf
83,A Topology Potential-Based Method for Identifying Essential Proteins from PPI Networks,https://doi.org/10.1109/TCBB.2014.2361350,abstract_downloaded,saved /Users/jlheller/home/Technical/repos/ModularitySurvey/db/abstracts/10.1109_TCBB.2014.2361350.txt
84,A transcriptomic axis predicts state modulation of cortical interneurons,https://doi.org/10.1038/s41586-022-04915-7,paper_downloaded,saved /Users/jlheller/home/Technical/repos/ModularitySurvey/db/papers/10.1038_s41586-022-04915-7.pdf
85,A transcriptomic taxonomy of Drosophila circadian neurons around the clock,https://doi.org/10.7554/eLife.63056,abstract_downloaded,saved /Users/jlheller/home/Technical/repos/ModularitySurvey/db/abstracts/10.7554_eLife.63056.txt
86,A universal biomolecular integral feedback controller for robust perfect adaptation,https://doi.org/10.1038/s41586-019-1321-1,no_content_found,DOI resolves but no OA PDF or abstract was found
87,A walk through the SMC cycle: From catching DNAs to shaping the genome.,https://doi.org/10.1016/j.molcel.2022.04.006,abstract_downloaded,saved /Users/jlheller/home/Technical/repos/ModularitySurvey/db/abstracts/10.1016_j.molcel.2022.04.006.txt
88,Aberrant maturation and connectivity of prefrontal cortex in schizophrenia – contribution of NMDA receptor development and hypofunction,https://doi.org/10.1038/s41380-021-01196-w,abstract_downloaded,saved /Users/jlheller/home/Technical/repos/ModularitySurvey/db/abstracts/10.1038_s41380-021-01196-w.txt
89,Acquisition and Analysis of DIA-Based Proteomic Data: A Comprehensive Survey in 2023,https://doi.org/10.1016/j.mcpro.2024.100712,abstract_downloaded,saved /Users/jlheller/home/Technical/repos/ModularitySurvey/db/abstracts/10.1016_j.mcpro.2024.100712.txt
90,Adaptation and constraint in the evolution of the mammalian backbone,https://doi.org/10.1186/s12862-018-1282-2,paper_downloaded,saved /Users/jlheller/home/Technical/repos/ModularitySurvey/db/papers/10.1186_s12862-018-1282-2.pdf
91,Adder and a coarse-grained approach to cell size homeostasis in bacteria,https://doi.org/10.1016/j.ceb.2016.02.004,abstract_downloaded,saved /Users/jlheller/home/Technical/repos/ModularitySurvey/db/abstracts/10.1016_j.ceb.2016.02.004.txt
92,Addiction to the IGF2-ID1-IGF2 circuit for maintenance of the breast cancer stem-like cells,https://doi.org/10.1038/onc.2016.293,paper_downloaded,saved /Users/jlheller/home/Technical/repos/ModularitySurvey/db/papers/10.1038_onc.2016.293.pdf
93,Age and Sex Effects on Plasma Metabolite Association Networks in Healthy Subjects.,https://doi.org/10.1021/acs.jproteome.7b00404,abstract_downloaded,saved /Users/jlheller/home/Technical/repos/ModularitySurvey/db/abstracts/10.1021_acs.jproteome.7b00404.txt
94,Agricultural intensification weakens the soil health index and stability of microbial networks,https://doi.org/10.1016/j.agee.2022.108118,no_content_found,DOI resolves but no OA PDF or abstract was found
95,Akt phosphorylates insulin receptor substrate to limit PI3K-mediated PIP3 synthesis,https://doi.org/10.7554/eLife.66942,abstract_downloaded,saved /Users/jlheller/home/Technical/repos/ModularitySurvey/db/abstracts/10.7554_eLife.66942.txt
96,Algebras of open dynamical systems on the operad of wiring diagrams,https://doi.org/10.70930/tac/7tz1nkbd,paper_downloaded,saved /Users/jlheller/home/Technical/repos/ModularitySurvey/db/papers/10.70930_tac_7tz1nkbd.pdf
97,Alzheimer’s disease as a synaptopathy: Evidence for dysfunction of synapses during disease progression,https://doi.org/10.3389/fnsyn.2023.1129036,paper_downloaded,saved /Users/jlheller/home/Technical/repos/ModularitySurvey/db/papers/10.3389_fnsyn.2023.1129036.pdf
98,Alzheimer’s Disease: From Firing Instability to Homeostasis Network Collapse,https://doi.org/10.1016/j.neuron.2017.11.028,no_content_found,DOI resolves but no OA PDF or abstract was found
99,Amortized Inference for Causal Structure Learning,https://doi.org/10.48550/arXiv.2205.12934,invalid_doi,DOI does not resolve via Crossref
100,An activity-mediated transition in transcription in early postnatal neurons,https://doi.org/10.1016/j.neuron.2020.06.008,abstract_downloaded,saved /Users/jlheller/home/Technical/repos/ModularitySurvey/db/abstracts/10.1016_j.neuron.2020.06.008.txt
101,An atlas of protein-protein interactions across mouse tissues.,https://doi.org/10.2139/SSRN.3770938,abstract_downloaded,saved /Users/jlheller/home/Technical/repos/ModularitySurvey/db/abstracts/10.2139_SSRN.3770938.txt
102,An E3 ligase network engages GCN1 to promote degradation of translation factors on stalled ribosomes,https://doi.org/10.1016/j.cell.2022.12.025,abstract_downloaded,saved /Users/jlheller/home/Technical/repos/ModularitySurvey/db/abstracts/10.1016_j.cell.2022.12.025.txt
103,An enhanced CRISPR repressor for targeted mammalian gene regulation,https://doi.org/10.1038/s41592-018-0048-5,abstract_downloaded,saved /Users/jlheller/home/Technical/repos/ModularitySurvey/db/abstracts/10.1038_s41592-018-0048-5.txt
104,An immediate–late gene expression module decodes ERK signal duration,https://doi.org/10.15252/msb.20177554,paper_downloaded,saved /Users/jlheller/home/Technical/repos/ModularitySurvey/db/papers/10.15252_msb.20177554.pdf
105,An integrated transcriptomic and epigenomic atlas of mouse primary motor cortex cell types,https://doi.org/10.1101/2020.02.29.970558,abstract_downloaded,saved /Users/jlheller/home/Technical/repos/ModularitySurvey/db/abstracts/10.1101_2020.02.29.970558.txt
106,An update for epilepsy research and antiepileptic drug development: Toward precise circuit therapy.,https://doi.org/10.1016/j.pharmthera.2019.05.010,abstract_downloaded,saved /Users/jlheller/home/Technical/repos/ModularitySurvey/db/abstracts/10.1016_j.pharmthera.2019.05.010.txt
107,Analysis of long noncoding RNA and mRNA using RNA sequencing during the differentiation of intramuscular preadipocytes in chicken,https://doi.org/10.1371/journal.pone.0172389,paper_downloaded,saved /Users/jlheller/home/Technical/repos/ModularitySurvey/db/papers/10.1371_journal.pone.0172389.pdf
108,Analysis of noise mechanisms in cell size control,https://doi.org/10.1101/080465,abstract_downloaded,saved /Users/jlheller/home/Technical/repos/ModularitySurvey/db/abstracts/10.1101_080465.txt
109,Analysis of the Human Endogenous Coregulator Complexome,https://doi.org/10.1016/j.cell.2011.05.006,abstract_downloaded,saved /Users/jlheller/home/Technical/repos/ModularitySurvey/db/abstracts/10.1016_j.cell.2011.05.006.txt
110,Antiageing strategy for neurodegenerative diseases: from mechanisms to clinical advances,https://doi.org/10.1038/s41392-025-02145-7,paper_downloaded,saved /Users/jlheller/home/Technical/repos/ModularitySurvey/db/papers/10.1038_s41392-025-02145-7.pdf
111,Antifungal Drug Resistance: Molecular Mechanisms in Candida albicans and Beyond,https://doi.org/10.1021/acs.chemrev.0c00199,abstract_downloaded,saved /Users/jlheller/home/Technical/repos/ModularitySurvey/db/abstracts/10.1021_acs.chemrev.0c00199.txt
112,Antioxidant mechanism of tea polyphenols and its impact on health benefits,https://doi.org/10.1016/j.aninu.2020.01.001,abstract_downloaded,saved /Users/jlheller/home/Technical/repos/ModularitySurvey/db/abstracts/10.1016_j.aninu.2020.01.001.txt
113,APOE4 disrupts intracellular lipid homeostasis in human iPSC-derived glia,https://doi.org/10.1126/scitranslmed.aaz4564,abstract_downloaded,saved /Users/jlheller/home/Technical/repos/ModularitySurvey/db/abstracts/10.1126_scitranslmed.aaz4564.txt
114,Application of network link prediction in drug discovery,https://doi.org/10.1186/s12859-021-04082-y,paper_downloaded,saved /Users/jlheller/home/Technical/repos/ModularitySurvey/db/papers/10.1186_s12859-021-04082-y.pdf
115,Applications of community detection techniques to brain graphs: Algorithmic considerations and implications for neural function,https://doi.org/10.1101/209429,abstract_downloaded,saved /Users/jlheller/home/Technical/repos/ModularitySurvey/db/abstracts/10.1101_209429.txt
116,Applications of single-cell and bulk RNA sequencing in onco-immunology.,https://doi.org/10.1016/j.ejca.2021.03.005,abstract_downloaded,saved /Users/jlheller/home/Technical/repos/ModularitySurvey/db/abstracts/10.1016_j.ejca.2021.03.005.txt
117,Archaeal cells share common size control with bacteria despite noisier growth and division,https://doi.org/10.1038/s41564-017-0082-6,no_content_found,DOI resolves but no OA PDF or abstract was found
118,Architecture of eukaryotic mRNA 3′-end processing machinery,https://doi.org/10.1126/science.aao6535,abstract_downloaded,saved /Users/jlheller/home/Technical/repos/ModularitySurvey/db/abstracts/10.1126_science.aao6535.txt
119,Architecture of gene regulatory networks controlling flower development in Arabidopsis thaliana,https://doi.org/10.1038/s41467-018-06772-3,paper_downloaded,saved /Users/jlheller/home/Technical/repos/ModularitySurvey/db/papers/10.1038_s41467-018-06772-3.pdf
120,Architecture of Human Mitochondrial Respiratory Megacomplex I2III2IV2.,https://doi.org/10.1016/j.cell.2017.07.050,no_content_found,DOI resolves but no OA PDF or abstract was found
121,Architecture of the human interactome defines protein communities and disease networks,https://doi.org/10.1038/nature22366,abstract_downloaded,saved /Users/jlheller/home/Technical/repos/ModularitySurvey/db/abstracts/10.1038_nature22366.txt
122,Assessing and improving the structural robustness of global liner shipping system: A motif-based network science approach,https://doi.org/10.1016/j.ress.2023.109576,no_content_found,DOI resolves but no OA PDF or abstract was found
123,Assessment of network module identification across complex diseases,https://doi.org/10.1038/s41592-019-0509-5,paper_downloaded,saved /Users/jlheller/home/Technical/repos/ModularitySurvey/db/papers/10.1038_s41592-019-0509-5.pdf
124,Astrocyte-neuron interplay is critical for Alzheimer’s disease pathogenesis and is rescued by TRPA1 channel blockade,https://doi.org/10.1101/2021.03.29.437466,abstract_downloaded,saved /Users/jlheller/home/Technical/repos/ModularitySurvey/db/abstracts/10.1101_2021.03.29.437466.txt
125,Astrocytes in Alzheimer’s Disease: Pathological Significance and Molecular Pathways,https://doi.org/10.3390/cells10030540,abstract_downloaded,saved /Users/jlheller/home/Technical/repos/ModularitySurvey/db/abstracts/10.3390_cells10030540.txt
126,Auto-added 2026-05-22. Manual curation needed.,,missing_doi,
127,Auto-added 2026-05-22. Manual curation needed.,,missing_doi,
128,Automated engineering of synthetic metabolic pathways for efficient association to reaction rules.biomanufacturing.,https://doi.org/10.1016/j.ymben.2020.11.012,abstract_downloaded,saved /Users/jlheller/home/Technical/repos/ModularitySurvey/db/abstracts/10.1016_j.ymben.2020.11.012.txt
129,Autonomous dynamic control of DNA nanostructure self-assembly,https://doi.org/10.1038/s41557-019-0251-8,no_content_found,DOI resolves but no OA PDF or abstract was found
130,Autonomous rhythmic activity in glioma networks drives brain tumour growth,https://doi.org/10.1038/s41586-022-05520-4,no_content_found,DOI resolves but no OA PDF or abstract was found
131,Babelomics 5.0: functional interpretation for new generations of genomic data,https://doi.org/10.1093/nar/gkv384,abstract_downloaded,saved /Users/jlheller/home/Technical/repos/ModularitySurvey/db/abstracts/10.1093_nar_gkv384.txt
132,Bacterial protein networks: properties and functions,https://doi.org/10.1038/nrmicro3508,no_content_found,DOI resolves but no OA PDF or abstract was found
133,BAP31 regulates mitochondrial function via interaction with Tom40 within ER-mitochondria contact sites,https://doi.org/10.1126/sciadv.aaw1386,abstract_downloaded,saved /Users/jlheller/home/Technical/repos/ModularitySurvey/db/abstracts/10.1126_sciadv.aaw1386.txt
134,Behavioral and neural network abnormalities in human APP transgenic mice resemble those of App knock-in mice and are modulated by familial Alzheimer’s disease mutations but not by inhibition of BACE1,https://doi.org/10.1186/s13024-020-00393-5,paper_downloaded,saved /Users/jlheller/home/Technical/repos/ModularitySurvey/db/papers/10.1186_s13024-020-00393-5.pdf
135,Beyond Technical Aspects: How Do Community Smells Influence the Intensity of Code Smells?,https://doi.org/10.1109/TSE.2018.2883603,abstract_downloaded,saved /Users/jlheller/home/Technical/repos/ModularitySurvey/db/abstracts/10.1109_TSE.2018.2883603.txt
136,"Biofilms in plastisphere from freshwater wetlands: Biofilm formation, bacterial community assembly, and biogeochemical cycles.",https://doi.org/10.1016/j.jhazmat.2024.134930,abstract_downloaded,saved /Users/jlheller/home/Technical/repos/ModularitySurvey/db/abstracts/10.1016_j.jhazmat.2024.134930.txt
137,Biological feedback control-Respect the loops.,https://doi.org/10.1016/j.cels.2021.05.004,abstract_downloaded,saved /Users/jlheller/home/Technical/repos/ModularitySurvey/db/abstracts/10.1016_j.cels.2021.05.004.txt
138,"Biological Robustness: Paradigms, Mechanisms, and Systems Principles",https://doi.org/10.3389/fgene.2012.00067,paper_downloaded,saved /Users/jlheller/home/Technical/repos/ModularitySurvey/db/papers/10.3389_fgene.2012.00067.pdf
139,Bipartite graphs in systems biology and medicine: a survey of methods and applications,https://doi.org/10.1093/gigascience/giy014,abstract_downloaded,saved /Users/jlheller/home/Technical/repos/ModularitySurvey/db/abstracts/10.1093_gigascience_giy014.txt
140,Biphasic growth dynamics control cell division in Caulobacter crescentus,https://doi.org/10.1038/nmicrobiol.2017.116,abstract_downloaded,saved /Users/jlheller/home/Technical/repos/ModularitySurvey/db/abstracts/10.1038_nmicrobiol.2017.116.txt
141,Bow-tie architectures in biological and artificial neural networks: Implications for network evolution and assay design,https://doi.org/10.1016/j.isci.2023.106041,abstract_downloaded,saved /Users/jlheller/home/Technical/repos/ModularitySurvey/db/abstracts/10.1016_j.isci.2023.106041.txt
142,Bow-tie signaling in c-di-GMP: Machine learning in a simple biochemical network,https://doi.org/10.1371/journal.pcbi.1005677,paper_downloaded,saved /Users/jlheller/home/Technical/repos/ModularitySurvey/db/papers/10.1371_journal.pcbi.1005677.pdf
143,Brain energy rescue: an emerging therapeutic concept for neurodegenerative disorders of ageing,https://doi.org/10.1038/s41573-020-0072-x,paper_downloaded,saved /Users/jlheller/home/Technical/repos/ModularitySurvey/db/papers/10.1038_s41573-020-0072-x.pdf
144,Bridging Mechanistic and Phenomenological Models of Complex Biological Systems,https://doi.org/10.1371/journal.pcbi.1004915,paper_downloaded,saved /Users/jlheller/home/Technical/repos/ModularitySurvey/db/papers/10.1371_journal.pcbi.1004915.pdf
145,BRIGHT: A Bridging Algorithm for Network Alignment,https://doi.org/10.1145/3442381.3450053,abstract_downloaded,saved /Users/jlheller/home/Technical/repos/ModularitySurvey/db/abstracts/10.1145_3442381.3450053.txt
146,Bromodomain biology and drug discovery,https://doi.org/10.1038/s41594-019-0309-8,abstract_downloaded,saved /Users/jlheller/home/Technical/repos/ModularitySurvey/db/abstracts/10.1038_s41594-019-0309-8.txt
147,C2H2-Type Zinc Finger Proteins: Evolutionarily Old and New Partners of the Nuclear Hormone Receptors,https://doi.org/10.1177/1550762918801071,abstract_downloaded,saved /Users/jlheller/home/Technical/repos/ModularitySurvey/db/abstracts/10.1177_1550762918801071.txt
148,Cancer mutationscape: revealing the link between modular restructuring and intervention efficacy among mutations,https://doi.org/10.1038/s41540-024-00398-6,paper_downloaded,saved /Users/jlheller/home/Technical/repos/ModularitySurvey/db/papers/10.1038_s41540-024-00398-6.pdf
149,Cancer mutationscape: revealing the link between modular restructuring and intervention efficacy among mutations,https://doi.org/10.1038/s41540-024-00398-6,paper_downloaded,already present
150,Capturing protein communities by structural proteomics in a thermophilic eukaryote,https://doi.org/10.15252/msb.20167412,abstract_downloaded,saved /Users/jlheller/home/Technical/repos/ModularitySurvey/db/abstracts/10.15252_msb.20167412.txt
151,Carboxysomes: metabolic modules for CO2 fixation.,https://doi.org/10.1093/femsle/fnx176,abstract_downloaded,saved /Users/jlheller/home/Technical/repos/ModularitySurvey/db/abstracts/10.1093_femsle_fnx176.txt
152,Cascading failures in complex networks,https://doi.org/10.1093/comnet/cnaa013,abstract_downloaded,saved /Users/jlheller/home/Technical/repos/ModularitySurvey/db/abstracts/10.1093_comnet_cnaa013.txt
153,Cavity Spintronics: An Early Review of Recent Progress in the Study of Magnon–Photon Level Repulsion,https://doi.org/10.1016/bs.ssp.2018.08.001,paper_downloaded,saved /Users/jlheller/home/Technical/repos/ModularitySurvey/db/papers/10.1016_bs.ssp.2018.08.001.pdf
154,CeFra-seq reveals broad asymmetric mRNA and noncoding RNA distribution profiles in Drosophila and human cells,https://doi.org/10.1261/rna.063172.117,paper_downloaded,saved /Users/jlheller/home/Technical/repos/ModularitySurvey/db/papers/10.1261_rna.063172.117.pdf
155,Cell Signaling as a Cognitive Process,https://doi.org/10.1016/j.cell.2017.09.008,doi_title_mismatch,Crossref title: 'Structural Basis for a Safety-Belt Mechanism That Anchors Condensin to Chromosomes' | saved /Users/jlheller/home/Technical/repos/ModularitySurvey/db/abstracts/10.1016_j.cell.2017.09.008.txt
156,Cell size control driven by the circadian clock and environment in cyanobacteria,https://doi.org/10.1073/pnas.1811309115,abstract_downloaded,saved /Users/jlheller/home/Technical/repos/ModularitySurvey/db/abstracts/10.1073_pnas.1811309115.txt
157,Cell size homeostasis: Metabolic control of growth and cell division.,https://doi.org/10.1016/j.bbamcr.2018.10.002,abstract_downloaded,saved /Users/jlheller/home/Technical/repos/ModularitySurvey/db/abstracts/10.1016_j.bbamcr.2018.10.002.txt
158,Cell-type–specific eQTL of primary melanocytes facilitates identification of melanoma susceptibility genes,https://doi.org/10.1101/gr.233304.117,abstract_downloaded,saved /Users/jlheller/home/Technical/repos/ModularitySurvey/db/abstracts/10.1101_gr.233304.117.txt
159,Cell–cell communication: new insights and clinical implications,https://doi.org/10.1038/s41392-024-01888-z,abstract_downloaded,saved /Users/jlheller/home/Technical/repos/ModularitySurvey/db/abstracts/10.1038_s41392-024-01888-z.txt
160,Cellular Quiescence in Budding Yeast,https://doi.org/10.1002/yea.3545,abstract_downloaded,saved /Users/jlheller/home/Technical/repos/ModularitySurvey/db/abstracts/10.1002_yea.3545.txt
161,CGMega: explainable graph neural network framework with attention mechanisms for cancer gene module dissection,https://doi.org/10.1038/s41467-024-50426-6,paper_downloaded,saved /Users/jlheller/home/Technical/repos/ModularitySurvey/db/papers/10.1038_s41467-024-50426-6.pdf
162,Challenges and opportunities for digital twins in precision medicine from a complex systems perspective,https://doi.org/10.1038/s41746-024-01402-3,paper_downloaded,saved /Users/jlheller/home/Technical/repos/ModularitySurvey/db/papers/10.1038_s41746-024-01402-3.pdf
163,Characterization and mitigation of gene expression burden in mammalian cells,https://doi.org/10.1038/s41467-020-18392-x,paper_downloaded,saved /Users/jlheller/home/Technical/repos/ModularitySurvey/db/papers/10.1038_s41467-020-18392-x.pdf
164,Characterization of the dual functional effects of heat shock proteins (HSPs) in cancer hallmarks to aid development of HSP inhibitors,https://doi.org/10.1186/s13073-020-00795-6,paper_downloaded,saved /Users/jlheller/home/Technical/repos/ModularitySurvey/db/papers/10.1186_s13073-020-00795-6.pdf
165,Characterizing cycle structure in complex networks,https://doi.org/10.1038/s42005-021-00781-3,paper_downloaded,saved /Users/jlheller/home/Technical/repos/ModularitySurvey/db/papers/10.1038_s42005-021-00781-3.pdf
166,Characterizing the replicability of cell types defined by single cell RNA-sequencing data using MetaNeighbor,https://doi.org/10.1038/s41467-018-03282-0,paper_downloaded,saved /Users/jlheller/home/Technical/repos/ModularitySurvey/db/papers/10.1038_s41467-018-03282-0.pdf
167,Childhood Trauma and Functional Connectivity between Amygdala and Medial Prefrontal Cortex: A Dynamic Functional Connectivity and Large-Scale Network Perspective,https://doi.org/10.3389/fnsys.2017.00029,abstract_downloaded,saved /Users/jlheller/home/Technical/repos/ModularitySurvey/db/abstracts/10.3389_fnsys.2017.00029.txt
168,Circuit and molecular architecture of a ventral hippocampal network,https://doi.org/10.1038/s41593-020-0705-8,abstract_downloaded,saved /Users/jlheller/home/Technical/repos/ModularitySurvey/db/abstracts/10.1038_s41593-020-0705-8.txt
169,Circular RNAs are long-lived and display only minimal early alterations in response to a growth factor,https://doi.org/10.1093/nar/gkv1367,abstract_downloaded,saved /Users/jlheller/home/Technical/repos/ModularitySurvey/db/abstracts/10.1093_nar_gkv1367.txt
170,Clinical epigenetics settings for cancer and cardiovascular diseases: real-life applications of network medicine at the bedside,https://doi.org/10.1186/s13148-021-01047-z,paper_downloaded,saved /Users/jlheller/home/Technical/repos/ModularitySurvey/db/papers/10.1186_s13148-021-01047-z.pdf
171,Clinical Metabolomics: The New Metabolic Window for Inborn Errors of Metabolism Investigations in the Post-Genomic Era,https://doi.org/10.3390/ijms17071167,abstract_downloaded,saved /Users/jlheller/home/Technical/repos/ModularitySurvey/db/abstracts/10.3390_ijms17071167.txt
172,Co-regulatory networks of human serum proteins link genetics to disease,https://doi.org/10.1126/science.aaq1327,abstract_downloaded,saved /Users/jlheller/home/Technical/repos/ModularitySurvey/db/abstracts/10.1126_science.aaq1327.txt
173,Coactivator-Dependent Oscillation of Chromatin Accessibility Dictates Circadian Gene Amplitude via REV-ERB Loading,https://doi.org/10.1016/j.molcel.2015.10.024,abstract_downloaded,saved /Users/jlheller/home/Technical/repos/ModularitySurvey/db/abstracts/10.1016_j.molcel.2015.10.024.txt
174,Cognitive Aging and Time Perception: Roles of Bayesian Optimization and Degeneracy,https://doi.org/10.3389/fnagi.2016.00102,paper_downloaded,saved /Users/jlheller/home/Technical/repos/ModularitySurvey/db/papers/10.3389_fnagi.2016.00102.pdf
175,Colony stimulating factor-1 receptor signaling networks inhibit mouse macrophage inflammatory responses by induction of microRNA-21.,https://doi.org/10.1182/blood-2014-10-608000,abstract_downloaded,saved /Users/jlheller/home/Technical/repos/ModularitySurvey/db/abstracts/10.1182_blood-2014-10-608000.txt
176,Combinatorial assembly and design of enzymes,https://doi.org/10.1126/science.ade9434,abstract_downloaded,saved /Users/jlheller/home/Technical/repos/ModularitySurvey/db/abstracts/10.1126_science.ade9434.txt
177,Combined MEK and ERK inhibition overcomes therapy-mediated pathway reactivation in RAS mutant tumors,https://doi.org/10.1371/journal.pone.0185862,paper_downloaded,saved /Users/jlheller/home/Technical/repos/ModularitySurvey/db/papers/10.1371_journal.pone.0185862.pdf
178,Combined use of network inference tools identifies ecologically meaningful bacterial associations in a paddy soil,https://doi.org/10.1016/J.SOILBIO.2016.11.029,abstract_downloaded,saved /Users/jlheller/home/Technical/repos/ModularitySurvey/db/abstracts/10.1016_J.SOILBIO.2016.11.029.txt
179,Combining a Toggle Switch and a Repressilator within the AC-DC Circuit Generates Distinct Dynamical Behaviors,https://doi.org/10.1016/j.cels.2018.02.008,abstract_downloaded,saved /Users/jlheller/home/Technical/repos/ModularitySurvey/db/abstracts/10.1016_j.cels.2018.02.008.txt
180,"Commentary: Multiscale Analysis of Independent Alzheimer's Cohorts Finds Disruption of Molecular, Genetic, and Clinical Networks by Human Herpesvirus",https://doi.org/10.3389/fnmol.2018.00340,paper_downloaded,saved /Users/jlheller/home/Technical/repos/ModularitySurvey/db/papers/10.3389_fnmol.2018.00340.pdf
181,Communication dynamics in complex brain networks,https://doi.org/10.1038/nrn.2017.149,no_content_found,DOI resolves but no OA PDF or abstract was found
182,Community detection in networks: A multidisciplinary review,https://doi.org/10.1016/J.JNCA.2018.02.011,no_content_found,DOI resolves but no OA PDF or abstract was found
183,Community structure in social and biological networks,https://doi.org/10.1073/pnas.122653799,paper_downloaded,saved /Users/jlheller/home/Technical/repos/ModularitySurvey/db/papers/10.1073_pnas.122653799.pdf
184,Comparative Analyses of Gene Co-expression Networks: Implementations and Applications in the Study of Evolution,https://doi.org/10.3389/fgene.2021.695399,paper_downloaded,saved /Users/jlheller/home/Technical/repos/ModularitySurvey/db/papers/10.3389_fgene.2021.695399.pdf
185,"Comparing the strength of modular signal, and evaluating alternative modular hypotheses, using covariance ratio effect sizes with morphometric data",https://doi.org/10.1111/evo.13867,abstract_downloaded,saved /Users/jlheller/home/Technical/repos/ModularitySurvey/db/abstracts/10.1111_evo.13867.txt
186,Comparison of Methods for Differential Co-expression Analysis for Disease Biomarker Prediction,https://doi.org/10.1016/j.compbiomed.2019.103380,abstract_downloaded,saved /Users/jlheller/home/Technical/repos/ModularitySurvey/db/abstracts/10.1016_j.compbiomed.2019.103380.txt
187,Complex‐centric proteome profiling by SEC‐SWATH‐MS,https://doi.org/10.15252/msb.20188438,abstract_downloaded,saved /Users/jlheller/home/Technical/repos/ModularitySurvey/db/abstracts/10.15252_msb.20188438.txt
188,Complexity and Modularity of Intracellular Networks: A Systematic Approach for Modelling and Simulation,https://doi.org/10.1049/iet-syb:20080092,abstract_downloaded,saved /Users/jlheller/home/Technical/repos/ModularitySurvey/db/abstracts/10.1049_iet-syb_20080092.txt
189,Computational Design of Synthetic Gene Circuits with Composable Parts,https://doi.org/10.1093/bioinformatics/btn330,abstract_downloaded,saved /Users/jlheller/home/Technical/repos/ModularitySurvey/db/abstracts/10.1093_bioinformatics_btn330.txt
190,"Computational network biology: Data, models, and applications",https://doi.org/10.1016/j.physrep.2019.12.004,abstract_downloaded,saved /Users/jlheller/home/Technical/repos/ModularitySurvey/db/abstracts/10.1016_j.physrep.2019.12.004.txt
191,Computational Oncology in the Multi-Omics Era: State of the Art,https://doi.org/10.3389/fonc.2020.00423,paper_downloaded,saved /Users/jlheller/home/Technical/repos/ModularitySurvey/db/papers/10.3389_fonc.2020.00423.pdf
192,Conditions for Cell Size Homeostasis: A Stochastic Hybrid System Approach,https://doi.org/10.1109/LLS.2016.2646383,abstract_downloaded,saved /Users/jlheller/home/Technical/repos/ModularitySurvey/db/abstracts/10.1109_LLS.2016.2646383.txt
193,Conserved cell types with divergent features between human and mouse cortex,https://doi.org/10.1101/384826,abstract_downloaded,saved /Users/jlheller/home/Technical/repos/ModularitySurvey/db/abstracts/10.1101_384826.txt
194,Conserved cell types with divergent features in human versus mouse cortex,https://doi.org/10.1038/s41586-019-1506-7,abstract_downloaded,saved /Users/jlheller/home/Technical/repos/ModularitySurvey/db/abstracts/10.1038_s41586-019-1506-7.txt
195,Context-aware synthetic biology by controller design: engineering the mammalian cell,https://doi.org/10.1016/j.cels.2021.05.011,abstract_downloaded,saved /Users/jlheller/home/Technical/repos/ModularitySurvey/db/abstracts/10.1016_j.cels.2021.05.011.txt
196,Control and Regulation of Pathways via Negative Feedback,https://doi.org/10.1098/rsif.2016.0848,abstract_downloaded,saved /Users/jlheller/home/Technical/repos/ModularitySurvey/db/abstracts/10.1098_rsif.2016.0848.txt
197,Control of cell death and mitochondrial fission by ERK1/2 MAP kinase signalling,https://doi.org/10.1111/febs.14122,abstract_downloaded,saved /Users/jlheller/home/Technical/repos/ModularitySurvey/db/abstracts/10.1111_febs.14122.txt
198,Control of mitochondrial function and cell growth by the atypical cadherin Fat1,https://doi.org/10.1038/nature20170,abstract_downloaded,saved /Users/jlheller/home/Technical/repos/ModularitySurvey/db/abstracts/10.1038_nature20170.txt
199,Control theory meets synthetic biology,https://doi.org/10.1098/rsif.2016.0380,abstract_downloaded,saved /Users/jlheller/home/Technical/repos/ModularitySurvey/db/abstracts/10.1098_rsif.2016.0380.txt
200,Controlling cell size through sizer mechanisms,https://doi.org/10.1016/J.COISB.2017.08.010,abstract_downloaded,saved /Users/jlheller/home/Technical/repos/ModularitySurvey/db/abstracts/10.1016_J.COISB.2017.08.010.txt
201,"Correlation of MKI67 with prognosis, immune infiltration, and T cell exhaustion in hepatocellular carcinoma",https://doi.org/10.1186/s12876-021-01984-2,paper_downloaded,saved /Users/jlheller/home/Technical/repos/ModularitySurvey/db/papers/10.1186_s12876-021-01984-2.pdf
202,"Cortical disinhibitory circuits: cell types, connectivity and function.",https://doi.org/10.1016/j.tins.2021.04.009,abstract_downloaded,saved /Users/jlheller/home/Technical/repos/ModularitySurvey/db/abstracts/10.1016_j.tins.2021.04.009.txt
203,"Cortical Folding of the Primate Brain: An Interdisciplinary Examination of the Genetic Architecture, Modularity, and Evolvability of a Significant Neurological Trait in Pedigreed Baboons (Genus Papio)",https://doi.org/10.1534/genetics.114.173443,abstract_downloaded,saved /Users/jlheller/home/Technical/repos/ModularitySurvey/db/abstracts/10.1534_genetics.114.173443.txt
204,Cranial Shape and the Modularity of Hybridization in Dingoes and Dogs; Hybridization Does Not Spell the End for Native Morphology,https://doi.org/10.1007/s11692-016-9371-x,paper_downloaded,saved /Users/jlheller/home/Technical/repos/ModularitySurvey/db/papers/10.1007_s11692-016-9371-x.pdf
205,CRISPR screens in cancer spheroids identify 3D growth specific vulnerabilities,https://doi.org/10.1038/s41586-020-2099-x,no_content_found,DOI resolves but no OA PDF or abstract was found
206,CRISPR-based genomic tools for the manipulation of genetically intractable microorganisms,https://doi.org/10.1038/s41579-018-0002-7,abstract_downloaded,saved /Users/jlheller/home/Technical/repos/ModularitySurvey/db/abstracts/10.1038_s41579-018-0002-7.txt
207,Crosstalk between histone modifications indicates that inhibition of arginine methyltransferase CARM1 activity reverses HIV latency,https://doi.org/10.1093/nar/gkx550,abstract_downloaded,saved /Users/jlheller/home/Technical/repos/ModularitySurvey/db/abstracts/10.1093_nar_gkx550.txt
208,Cryo-EM structures of holo condensin reveal a subunit flip-flop mechanism,https://doi.org/10.1038/s41594-020-0457-x,abstract_downloaded,saved /Users/jlheller/home/Technical/repos/ModularitySurvey/db/abstracts/10.1038_s41594-020-0457-x.txt
209,CTCF and R-loops are boundaries of cohesin-mediated DNA looping,https://doi.org/10.1101/2022.09.15.508177,abstract_downloaded,saved /Users/jlheller/home/Technical/repos/ModularitySurvey/db/abstracts/10.1101_2022.09.15.508177.txt
210,Current and future directions in network biology,https://doi.org/10.1093/bioadv/vbae099,abstract_downloaded,saved /Users/jlheller/home/Technical/repos/ModularitySurvey/db/abstracts/10.1093_bioadv_vbae099.txt
211,Customizing cellular signal processing by synthetic multi-level regulatory circuits,https://doi.org/10.1038/s41467-023-44256-1,paper_downloaded,saved /Users/jlheller/home/Technical/repos/ModularitySurvey/db/papers/10.1038_s41467-023-44256-1.pdf
212,"D-SCRIPT translates genome to phenome with sequence-based, structure-aware, genome-scale predictions of protein-protein interactions",https://doi.org/10.1016/j.cels.2021.08.010,abstract_downloaded,saved /Users/jlheller/home/Technical/repos/ModularitySurvey/db/abstracts/10.1016_j.cels.2021.08.010.txt
213,Dealing with the genetic load in bacterial synthetic biology circuits: convergences with the Ohm's law,https://doi.org/10.1093/nar/gkv1280,abstract_downloaded,saved /Users/jlheller/home/Technical/repos/ModularitySurvey/db/abstracts/10.1093_nar_gkv1280.txt
214,Deciphering Brain Complexity Using Single-cell Sequencing,https://doi.org/10.1016/j.gpb.2018.07.007,abstract_downloaded,saved /Users/jlheller/home/Technical/repos/ModularitySurvey/db/abstracts/10.1016_j.gpb.2018.07.007.txt
215,Decision-Making From the Animal Perspective: Bridging Ecology and Subjective Cognition,https://doi.org/10.3389/fevo.2019.00164,paper_downloaded,saved /Users/jlheller/home/Technical/repos/ModularitySurvey/db/papers/10.3389_fevo.2019.00164.pdf
216,Decoding disease: from genomes to networks to phenotypes,https://doi.org/10.1038/s41576-021-00389-x,no_content_found,DOI resolves but no OA PDF or abstract was found
217,Deep Nets: What have They Ever Done for Vision?,https://doi.org/10.1007/s11263-020-01405-z,abstract_downloaded,saved /Users/jlheller/home/Technical/repos/ModularitySurvey/db/abstracts/10.1007_s11263-020-01405-z.txt
218,DeepFunc: A Deep Learning Framework for Accurate Prediction of Protein Functions from Protein Sequences and Interactions,https://doi.org/10.1002/pmic.201900019,abstract_downloaded,saved /Users/jlheller/home/Technical/repos/ModularitySurvey/db/abstracts/10.1002_pmic.201900019.txt
219,Dendritic Cells and Leishmania Infection: Adding Layers of Complexity to a Complex Disease,https://doi.org/10.1155/2016/3967436,abstract_downloaded,saved /Users/jlheller/home/Technical/repos/ModularitySurvey/db/abstracts/10.1155_2016_3967436.txt
220,Dense functional and molecular readout of a circuit hub in sensory cortex,https://doi.org/10.1126/science.abl5981,abstract_downloaded,saved /Users/jlheller/home/Technical/repos/ModularitySurvey/db/abstracts/10.1126_science.abl5981.txt
221,Design Patterns of Biological Cells,https://doi.org/10.1002/bies.202300188,abstract_downloaded,saved /Users/jlheller/home/Technical/repos/ModularitySurvey/db/abstracts/10.1002_bies.202300188.txt
222,Designing cell function: assembly of synthetic gene circuits for cell biology applications,https://doi.org/10.1038/s41580-018-0024-z,no_content_found,DOI resolves but no OA PDF or abstract was found
223,Designing neural networks through neuroevolution,https://doi.org/10.1038/S42256-018-0006-Z,no_content_found,DOI resolves but no OA PDF or abstract was found
224,Designing Worm-inspired Neural Networks for Interpretable Robotic Control,https://doi.org/10.1109/ICRA.2019.8793840,abstract_downloaded,saved /Users/jlheller/home/Technical/repos/ModularitySurvey/db/abstracts/10.1109_ICRA.2019.8793840.txt
225,Development and functional diversification of cortical interneurons,https://doi.org/10.1016/j.neuron.2018.10.009,abstract_downloaded,saved /Users/jlheller/home/Technical/repos/ModularitySurvey/db/abstracts/10.1016_j.neuron.2018.10.009.txt
226,Differential immune cell infiltrations between healthy periodontal and chronic periodontitis tissues,https://doi.org/10.1186/s12903-020-01287-0,abstract_downloaded,saved /Users/jlheller/home/Technical/repos/ModularitySurvey/db/abstracts/10.1186_s12903-020-01287-0.txt
227,Diffusion-based neuromodulation can eliminate catastrophic forgetting in simple neural networks,https://doi.org/10.1371/journal.pone.0187736,paper_downloaded,saved /Users/jlheller/home/Technical/repos/ModularitySurvey/db/papers/10.1371_journal.pone.0187736.pdf
228,Dimensionality reduction by UMAP to visualize physical and genetic interactions,https://doi.org/10.1038/s41467-020-15351-4,paper_downloaded,saved /Users/jlheller/home/Technical/repos/ModularitySurvey/db/papers/10.1038_s41467-020-15351-4.pdf
229,Discovering cellular protein-protein interactions: Technological strategies and opportunities.,https://doi.org/10.1002/mas.21574,abstract_downloaded,saved /Users/jlheller/home/Technical/repos/ModularitySurvey/db/abstracts/10.1002_mas.21574.txt
230,Discovering genetic interactions bridging pathways in genome-wide association studies,https://doi.org/10.1038/s41467-019-12131-7,paper_downloaded,saved /Users/jlheller/home/Technical/repos/ModularitySurvey/db/papers/10.1038_s41467-019-12131-7.pdf
231,Dissecting RAF inhibitor resistance by structure-based modeling reveals ways to overcome oncogenic RAS signaling,https://doi.org/10.1016/j.cels.2018.06.002,abstract_downloaded,saved /Users/jlheller/home/Technical/repos/ModularitySurvey/db/abstracts/10.1016_j.cels.2018.06.002.txt
232,Dissecting the Puzzle of Life: Modularization of Signal Transduction Networks,https://doi.org/10.1016/j.compchemeng.2004.08.035,no_content_found,DOI resolves but no OA PDF or abstract was found
233,Diverse Mechanisms and Circuitry for Global Regulation by the RNA-Binding Protein CsrA,https://doi.org/10.3389/fmicb.2020.601352,paper_downloaded,saved /Users/jlheller/home/Technical/repos/ModularitySurvey/db/papers/10.3389_fmicb.2020.601352.pdf
234,Diversification of molecularly defined myenteric neuron classes revealed by single cell RNA-sequencing,https://doi.org/10.1038/s41593-020-00736-x,no_content_found,DOI resolves but no OA PDF or abstract was found
235,Diversity of Interneurons in the Dorsal Striatum Revealed by Single-Cell RNA Sequencing and PatchSeq,https://doi.org/10.1016/j.celrep.2018.07.053,abstract_downloaded,saved /Users/jlheller/home/Technical/repos/ModularitySurvey/db/abstracts/10.1016_j.celrep.2018.07.053.txt
236,DNA methylation atlas of the mouse brain at single-cell resolution,https://doi.org/10.1038/s41586-020-03182-8,paper_downloaded,saved /Users/jlheller/home/Technical/repos/ModularitySurvey/db/papers/10.1038_s41586-020-03182-8.pdf
237,DOMINO: a network‐based active module identification algorithm with reduced rate of false calls,https://doi.org/10.15252/msb.20209593,abstract_downloaded,saved /Users/jlheller/home/Technical/repos/ModularitySurvey/db/abstracts/10.15252_msb.20209593.txt
238,Dual Proteome-scale Networks Reveal Cell-specific Remodeling of the Human Interactome,https://doi.org/10.1101/2020.01.19.905109,abstract_downloaded,saved /Users/jlheller/home/Technical/repos/ModularitySurvey/db/abstracts/10.1101_2020.01.19.905109.txt
239,Dynamic brain network reconfiguration as a potential schizophrenia genetic risk mechanism modulated by NMDA receptor function,https://doi.org/10.1073/pnas.1608819113,abstract_downloaded,saved /Users/jlheller/home/Technical/repos/ModularitySurvey/db/abstracts/10.1073_pnas.1608819113.txt
240,Early emergence of cortical interneuron diversity in the mouse embryo,https://doi.org/10.1126/science.aar6821,paper_downloaded,saved /Users/jlheller/home/Technical/repos/ModularitySurvey/db/papers/10.1126_science.aar6821.pdf
241,Early restoration of parvalbumin interneuron activity prevents memory loss and network hyperexcitability in a mouse model of Alzheimer’s disease,https://doi.org/10.1038/s41380-019-0483-4,paper_downloaded,saved /Users/jlheller/home/Technical/repos/ModularitySurvey/db/papers/10.1038_s41380-019-0483-4.pdf
242,EBV-miR-BART8-3p induces epithelial-mesenchymal transition and promotes metastasis of nasopharyngeal carcinoma cells through activating NF-κB and Erk1/2 pathways,https://doi.org/10.1186/s13046-018-0953-6,paper_downloaded,saved /Users/jlheller/home/Technical/repos/ModularitySurvey/db/papers/10.1186_s13046-018-0953-6.pdf
243,"EGFR in Cancer: Signaling Mechanisms, Drugs, and Acquired Resistance",https://doi.org/10.3390/cancers13112748,abstract_downloaded,saved /Users/jlheller/home/Technical/repos/ModularitySurvey/db/abstracts/10.3390_cancers13112748.txt
244,Emergence of co-expression in gene regulatory networks,https://doi.org/10.1371/journal.pone.0247671,paper_downloaded,saved /Users/jlheller/home/Technical/repos/ModularitySurvey/db/papers/10.1371_journal.pone.0247671.pdf
245,Empirical Inference of Circuitry and Plasticity in a Kinase Signaling Network,https://doi.org/10.1073/pnas.1423344112,abstract_downloaded,saved /Users/jlheller/home/Technical/repos/ModularitySurvey/db/abstracts/10.1073_pnas.1423344112.txt
246,Endocytosis as a stabilizing mechanism for tissue homeostasis,https://doi.org/10.1073/pnas.1714377115,abstract_downloaded,saved /Users/jlheller/home/Technical/repos/ModularitySurvey/db/abstracts/10.1073_pnas.1714377115.txt
247,Endosomal PI(3)P regulation by the COMMD/CCDC22/CCDC93 (CCC) complex controls membrane protein recycling,https://doi.org/10.1038/s41467-019-12221-6,paper_downloaded,saved /Users/jlheller/home/Technical/repos/ModularitySurvey/db/papers/10.1038_s41467-019-12221-6.pdf
248,Endothelial stromelysin1 regulation by the forkhead box-O transcription factors is crucial in the exudative phase of acute lung injury,https://doi.org/10.1016/j.phrs.2019.01.006,abstract_downloaded,saved /Users/jlheller/home/Technical/repos/ModularitySurvey/db/abstracts/10.1016_j.phrs.2019.01.006.txt
249,Engineering genetic circuit interactions within and between synthetic minimal cells,https://doi.org/10.1038/nchem.2644,abstract_downloaded,saved /Users/jlheller/home/Technical/repos/ModularitySurvey/db/abstracts/10.1038_nchem.2644.txt
250,Engineering Principles in Bio-Molecular Systems: From Retroactivity to Modularity,https://doi.org/10.1016/S0947-3580(09)70995-1,invalid_doi,DOI does not resolve via Crossref
251,Enhanced construction of gene regulatory networks using hub gene information,https://doi.org/10.1186/s12859-017-1576-1,paper_downloaded,saved /Users/jlheller/home/Technical/repos/ModularitySurvey/db/papers/10.1186_s12859-017-1576-1.pdf
252,Enrichr: a comprehensive gene set enrichment analysis web server 2016 update,https://doi.org/10.1093/nar/gkw377,abstract_downloaded,saved /Users/jlheller/home/Technical/repos/ModularitySurvey/db/abstracts/10.1093_nar_gkw377.txt
253,Environment-to-phenotype mapping and adaptation strategies in varying environments,https://doi.org/10.1073/pnas.1903232116,abstract_downloaded,saved /Users/jlheller/home/Technical/repos/ModularitySurvey/db/abstracts/10.1073_pnas.1903232116.txt
254,EPIC: Software Toolkit for Elution Profile-Based Inference of Protein Complexes,https://doi.org/10.1038/s41592-019-0461-4,abstract_downloaded,saved /Users/jlheller/home/Technical/repos/ModularitySurvey/db/abstracts/10.1038_s41592-019-0461-4.txt
255,Epidemic spreading on higher-order networks,https://doi.org/10.1016/j.physrep.2024.01.003,no_content_found,DOI resolves but no OA PDF or abstract was found
256,ERK1/2 inhibitors: New weapons to inhibit the RAS‐regulated RAF‐MEK1/2‐ERK1/2 pathway,https://doi.org/10.1016/j.pharmthera.2018.02.007,paper_downloaded,saved /Users/jlheller/home/Technical/repos/ModularitySurvey/db/papers/10.1016_j.pharmthera.2018.02.007.pdf
257,Essential control of early B-cell development by Mef2 transcription factors.,https://doi.org/10.1182/blood-2015-04-643270,abstract_downloaded,saved /Users/jlheller/home/Technical/repos/ModularitySurvey/db/abstracts/10.1182_blood-2015-04-643270.txt
258,Evolution of Bow-Tie Architectures in Biology,https://doi.org/10.1371/journal.pcbi.1004055,paper_downloaded,saved /Users/jlheller/home/Technical/repos/ModularitySurvey/db/papers/10.1371_journal.pcbi.1004055.pdf
259,Evolution of Bow-Tie Architectures in Biology,https://doi.org/10.1371/journal.pcbi.1004055,paper_downloaded,already present
260,"Evolution of cellular diversity in primary motor cortex of human, marmoset monkey, and mouse",https://doi.org/10.1101/2020.03.31.016972,abstract_downloaded,saved /Users/jlheller/home/Technical/repos/ModularitySurvey/db/abstracts/10.1101_2020.03.31.016972.txt
261,"Evolution of cellular diversity in primary motor cortex of human, marmoset monkey, and mouse",https://doi.org/10.1101/2020.03.31.016972,abstract_downloaded,already present
262,Evolution of neuronal identity in the cerebral cortex.,https://doi.org/10.1016/j.conb.2019.04.009,abstract_downloaded,saved /Users/jlheller/home/Technical/repos/ModularitySurvey/db/abstracts/10.1016_j.conb.2019.04.009.txt
263,Evolution of neuronal identity in the cerebral cortex.,https://doi.org/10.1016/j.conb.2019.04.009,abstract_downloaded,already present
264,Evolutionary proteomics uncovers ancient associations of cilia with signaling pathways,https://doi.org/10.1016/j.devcel.2017.11.014,abstract_downloaded,saved /Users/jlheller/home/Technical/repos/ModularitySurvey/db/abstracts/10.1016_j.devcel.2017.11.014.txt
265,Evolutionary proteomics uncovers ancient associations of cilia with signaling pathways,https://doi.org/10.1016/j.devcel.2017.11.014,abstract_downloaded,already present
266,Expanding Biosensing Abilities through Computer-Aided Design of Metabolic Pathways.,https://doi.org/10.1021/ACSSYNBIO.5B00225,abstract_downloaded,saved /Users/jlheller/home/Technical/repos/ModularitySurvey/db/abstracts/10.1021_ACSSYNBIO.5B00225.txt
267,Experimental reproducibility limits the correlation between mRNA and protein abundances in tumor proteomic profiles,https://doi.org/10.1016/j.crmeth.2022.100288,abstract_downloaded,saved /Users/jlheller/home/Technical/repos/ModularitySurvey/db/abstracts/10.1016_j.crmeth.2022.100288.txt
268,Exploring Biocontrol Agents From Microbial Keystone Taxa Associated to Suppressive Soil: A New Attempt for a Biocontrol Strategy,https://doi.org/10.3389/fpls.2021.655673,paper_downloaded,saved /Users/jlheller/home/Technical/repos/ModularitySurvey/db/papers/10.3389_fpls.2021.655673.pdf
269,Exploring specific prognostic biomarkers in triple-negative breast cancer,https://doi.org/10.1038/s41419-019-2043-x,paper_downloaded,saved /Users/jlheller/home/Technical/repos/ModularitySurvey/db/papers/10.1038_s41419-019-2043-x.pdf
270,Exploring whole-genome duplicate gene retention with complex genetic interaction analysis,https://doi.org/10.1126/science.aaz5667,abstract_downloaded,saved /Users/jlheller/home/Technical/repos/ModularitySurvey/db/abstracts/10.1126_science.aaz5667.txt
271,"Extracellular nicotinamide phosphoribosyltransferase, a new cancer metabokine",https://doi.org/10.1111/bph.13505,abstract_downloaded,saved /Users/jlheller/home/Technical/repos/ModularitySurvey/db/abstracts/10.1111_bph.13505.txt
272,Extreme multifunctional proteins identified from a human protein interaction network,https://doi.org/10.1038/ncomms8412,paper_downloaded,saved /Users/jlheller/home/Technical/repos/ModularitySurvey/db/papers/10.1038_ncomms8412.pdf
273,Fast and accurate protein function prediction from sequence through pretrained language model and homology-based label diffusion,https://doi.org/10.1101/2022.12.05.519119,abstract_downloaded,saved /Users/jlheller/home/Technical/repos/ModularitySurvey/db/abstracts/10.1101_2022.12.05.519119.txt
274,Fast Markov Clustering Algorithm Based on Belief Dynamics,https://doi.org/10.1109/TCYB.2022.3141598,abstract_downloaded,saved /Users/jlheller/home/Technical/repos/ModularitySurvey/db/abstracts/10.1109_TCYB.2022.3141598.txt
275,Feedback regulation in cell signalling: Lessons for cancer therapeutics.,https://doi.org/10.1016/j.semcdb.2015.09.024,abstract_downloaded,saved /Users/jlheller/home/Technical/repos/ModularitySurvey/db/abstracts/10.1016_j.semcdb.2015.09.024.txt
276,Feedback regulation through myosin II confers robustness on RhoA signalling at E-cadherin junctions,https://doi.org/10.1038/ncb3239,no_content_found,DOI resolves but no OA PDF or abstract was found
277,Fine-tuning of AMPK–ULK1–mTORC1 regulatory triangle is crucial for autophagy oscillation,https://doi.org/10.1038/s41598-020-75030-8,paper_downloaded,saved /Users/jlheller/home/Technical/repos/ModularitySurvey/db/papers/10.1038_s41598-020-75030-8.pdf
278,Floral regulators FLC and SOC1 directly regulate expression of the B3-type transcription factor TARGET OF FLC AND SVP 1 at the Arabidopsis shoot apex via antagonistic chromatin modifications,https://doi.org/10.1371/journal.pgen.1008065,paper_downloaded,saved /Users/jlheller/home/Technical/repos/ModularitySurvey/db/papers/10.1371_journal.pgen.1008065.pdf
279,Frequency modulation of ERK activation dynamics rewires cell fate,https://doi.org/10.15252/msb.20156458,abstract_downloaded,saved /Users/jlheller/home/Technical/repos/ModularitySurvey/db/abstracts/10.15252_msb.20156458.txt
280,From genotypes to organisms: State-of-the-art and perspectives of a cornerstone in evolutionary dynamics.,https://doi.org/10.1016/j.plrev.2021.03.004,abstract_downloaded,saved /Users/jlheller/home/Technical/repos/ModularitySurvey/db/abstracts/10.1016_j.plrev.2021.03.004.txt
281,From Hiring to Firing: Activation of Inhibitory Neurons and Their Recruitment in Behavior,https://doi.org/10.3389/fnmol.2019.00168,paper_downloaded,saved /Users/jlheller/home/Technical/repos/ModularitySurvey/db/papers/10.3389_fnmol.2019.00168.pdf
282,From molecular to modular cell biology,https://doi.org/10.1038/35011540,no_content_found,DOI resolves but no OA PDF or abstract was found
283,"From Peas to Disease: Modifier Genes, Network Resilience, and the Genetics of Health.",https://doi.org/10.1016/j.ajhg.2017.06.004,no_content_found,DOI resolves but no OA PDF or abstract was found
284,From protein-protein interactions to protein co-expression networks: a new perspective to evaluate large-scale proteomic data,https://doi.org/10.1186/s13637-017-0059-z,paper_downloaded,saved /Users/jlheller/home/Technical/repos/ModularitySurvey/db/papers/10.1186_s13637-017-0059-z.pdf
285,From signalling pathways to targeted therapies: unravelling glioblastoma’s secrets and harnessing two decades of progress,https://doi.org/10.1038/s41392-023-01637-8,paper_downloaded,saved /Users/jlheller/home/Technical/repos/ModularitySurvey/db/papers/10.1038_s41392-023-01637-8.pdf
286,From Traditional Ethnopharmacology to Modern Natural Drug Discovery: A Methodology Discussion and Specific Examples,https://doi.org/10.3390/molecules27134060,abstract_downloaded,saved /Users/jlheller/home/Technical/repos/ModularitySurvey/db/abstracts/10.3390_molecules27134060.txt
287,Functional and evolutionary characterization of a secondary metabolite gene cluster in budding yeasts,https://doi.org/10.1073/pnas.1806268115,abstract_downloaded,saved /Users/jlheller/home/Technical/repos/ModularitySurvey/db/abstracts/10.1073_pnas.1806268115.txt
288,Functional Genomic Screening Reveals Core Modulators of Echinocandin Stress Responses in Candida albicans.,https://doi.org/10.1016/j.celrep.2018.04.084,abstract_downloaded,saved /Users/jlheller/home/Technical/repos/ModularitySurvey/db/abstracts/10.1016_j.celrep.2018.04.084.txt
289,Functional unknomics: Systematic screening of conserved genes of unknown function,https://doi.org/10.1371/journal.pbio.3002222,abstract_downloaded,saved /Users/jlheller/home/Technical/repos/ModularitySurvey/db/abstracts/10.1371_journal.pbio.3002222.txt
290,"Fundamental Principles in Bacterial Physiology - History, Recent progress, and the Future with Focus on Cell Size Control: A Review",https://doi.org/10.1088/1361-6633/aaa628,paper_downloaded,saved /Users/jlheller/home/Technical/repos/ModularitySurvey/db/papers/10.1088_1361-6633_aaa628.pdf
291,GABAergic Inhibitory Interneuron Deficits in Alzheimer’s Disease: Implications for Treatment,https://doi.org/10.3389/fnins.2020.00660,paper_downloaded,saved /Users/jlheller/home/Technical/repos/ModularitySurvey/db/papers/10.3389_fnins.2020.00660.pdf
292,Game Changer: The Topology of Creativity1,https://doi.org/10.1086/681213,abstract_downloaded,saved /Users/jlheller/home/Technical/repos/ModularitySurvey/db/abstracts/10.1086_681213.txt
293,gapseq: informed prediction of bacterial metabolic pathways and reconstruction of accurate metabolic models,https://doi.org/10.1186/s13059-021-02295-1,paper_downloaded,saved /Users/jlheller/home/Technical/repos/ModularitySurvey/db/papers/10.1186_s13059-021-02295-1.pdf
294,Gene co-expression in the interactome: moving from correlation toward causation via an integrated approach to disease module discovery,https://doi.org/10.1038/s41540-020-00168-0,paper_downloaded,saved /Users/jlheller/home/Technical/repos/ModularitySurvey/db/papers/10.1038_s41540-020-00168-0.pdf
295,Gene co-expression network connectivity is an important determinant of selective constraint,https://doi.org/10.1371/journal.pgen.1006402,paper_downloaded,saved /Users/jlheller/home/Technical/repos/ModularitySurvey/db/papers/10.1371_journal.pgen.1006402.pdf
296,Gene regulation by gonadal hormone receptors underlies brain sex differences,https://doi.org/10.1038/s41586-022-04686-1,paper_downloaded,saved /Users/jlheller/home/Technical/repos/ModularitySurvey/db/papers/10.1038_s41586-022-04686-1.pdf
297,Gene regulatory networks controlled by FLOWERING LOCUS C that confer variation in seasonal flowering and life history,https://doi.org/10.1093/jxb/eraa216,abstract_downloaded,saved /Users/jlheller/home/Technical/repos/ModularitySurvey/db/abstracts/10.1093_jxb_eraa216.txt
298,Genetic and molecular basis of floral induction in Arabidopsis thaliana,https://doi.org/10.1093/jxb/eraa057,abstract_downloaded,saved /Users/jlheller/home/Technical/repos/ModularitySurvey/db/abstracts/10.1093_jxb_eraa057.txt
299,Genetic and molecular basis of floral induction in Arabidopsis thaliana,https://doi.org/10.1093/jxb/eraa057,abstract_downloaded,already present
300,Genetic correlation network prediction of forest soil microbial functional organization,https://doi.org/10.1038/s41396-018-0232-8,paper_downloaded,saved /Users/jlheller/home/Technical/repos/ModularitySurvey/db/papers/10.1038_s41396-018-0232-8.pdf
301,Genetic correlation network prediction of forest soil microbial functional organization,https://doi.org/10.1038/s41396-018-0232-8,paper_downloaded,already present
302,Genetic Dissection of Neural Circuits: A Decade of Progress,https://doi.org/10.1016/j.neuron.2018.05.004,abstract_downloaded,saved /Users/jlheller/home/Technical/repos/ModularitySurvey/db/abstracts/10.1016_j.neuron.2018.05.004.txt
303,Genetic Single Neuron Anatomy Reveals Fine Granularity of Cortical Axo-Axonic Cells,https://doi.org/10.1016/j.celrep.2019.02.040,abstract_downloaded,saved /Users/jlheller/home/Technical/repos/ModularitySurvey/db/abstracts/10.1016_j.celrep.2019.02.040.txt
304,Genome architecture and stability in the S. cerevisiae knockout collection,https://doi.org/10.1038/s41586-019-1549-9,abstract_downloaded,saved /Users/jlheller/home/Technical/repos/ModularitySurvey/db/abstracts/10.1038_s41586-019-1549-9.txt
305,Genome Assembly Improvement and Mapping Convergently Evolved Skeletal Traits in Sticklebacks with Genotyping-by-Sequencing,https://doi.org/10.1534/g3.115.017905,abstract_downloaded,saved /Users/jlheller/home/Technical/repos/ModularitySurvey/db/abstracts/10.1534_g3.115.017905.txt
306,Genome-scale metabolic network reconstruction of model animals as a platform for translational research,https://doi.org/10.1073/pnas.2102344118,abstract_downloaded,saved /Users/jlheller/home/Technical/repos/ModularitySurvey/db/abstracts/10.1073_pnas.2102344118.txt
307,Genome-wide Analyses Identify KIF5A as a Novel ALS Gene,https://doi.org/10.2139/ssrn.3155776,abstract_downloaded,saved /Users/jlheller/home/Technical/repos/ModularitySurvey/db/abstracts/10.2139_ssrn.3155776.txt
308,Genome-Wide Analysis of lncRNA and mRNA Expression During Differentiation of Abdominal Preadipocytes in the Chicken,https://doi.org/10.1534/g3.116.037069,abstract_downloaded,saved /Users/jlheller/home/Technical/repos/ModularitySurvey/db/abstracts/10.1534_g3.116.037069.txt
309,Genome-wide association analyses define pathogenic signaling pathways and prioritize drug targets for IgA nephropathy,https://doi.org/10.1038/s41588-023-01422-x,paper_downloaded,saved /Users/jlheller/home/Technical/repos/ModularitySurvey/db/papers/10.1038_s41588-023-01422-x.pdf
310,Genomic Determinants of Protein Abundance Variation in Colorectal Cancer Cells,https://doi.org/10.1016/j.celrep.2017.08.010,abstract_downloaded,saved /Users/jlheller/home/Technical/repos/ModularitySurvey/db/abstracts/10.1016_j.celrep.2017.08.010.txt
311,Genomic Regulation of Transcription and RNA Processing by the Multitasking Integrator Complex,https://doi.org/10.1038/s41580-022-00534-2,abstract_downloaded,saved /Users/jlheller/home/Technical/repos/ModularitySurvey/db/abstracts/10.1038_s41580-022-00534-2.txt
312,GLC: A dual-perspective approach for identifying influential nodes in complex networks,https://doi.org/10.1016/j.eswa.2024.126292,abstract_downloaded,saved /Users/jlheller/home/Technical/repos/ModularitySurvey/db/abstracts/10.1016_j.eswa.2024.126292.txt
313,Global Alignment of Protein-Protein Interaction Networks: A Survey,https://doi.org/10.1109/TCBB.2015.2474391,abstract_downloaded,saved /Users/jlheller/home/Technical/repos/ModularitySurvey/db/abstracts/10.1109_TCBB.2015.2474391.txt
314,Global Genetic Networks and the Genotype to Phenotype Relationship,https://doi.org/10.1016/j.cell.2019.01.033,abstract_downloaded,saved /Users/jlheller/home/Technical/repos/ModularitySurvey/db/abstracts/10.1016_j.cell.2019.01.033.txt
315,Glutamate and GABA in Microglia-Neuron Cross-Talk in Alzheimer’s Disease,https://doi.org/10.3390/ijms222111677,abstract_downloaded,saved /Users/jlheller/home/Technical/repos/ModularitySurvey/db/abstracts/10.3390_ijms222111677.txt
316,Glutamatergic Signaling in the Central Nervous System: Ionotropic and Metabotropic Receptors in Concert,https://doi.org/10.1016/j.neuron.2018.05.018,abstract_downloaded,saved /Users/jlheller/home/Technical/repos/ModularitySurvey/db/abstracts/10.1016_j.neuron.2018.05.018.txt
317,Graded regulation of cellular quiescence depth between proliferation and senescence by a lysosomal dimmer switch,https://doi.org/10.1073/pnas.1915905116,abstract_downloaded,saved /Users/jlheller/home/Technical/repos/ModularitySurvey/db/abstracts/10.1073_pnas.1915905116.txt
318,Graph neural network approaches for drug-target interactions.,https://doi.org/10.1016/j.sbi.2021.102327,abstract_downloaded,saved /Users/jlheller/home/Technical/repos/ModularitySurvey/db/abstracts/10.1016_j.sbi.2021.102327.txt
319,Graph Representation Learning in Biomedicine and Healthcare,https://doi.org/10.1038/s41551-022-00942-x,paper_downloaded,saved /Users/jlheller/home/Technical/repos/ModularitySurvey/db/papers/10.1038_s41551-022-00942-x.pdf
320,Graph Theoretical Framework of Brain Networks in Multiple Sclerosis: A Review of Concepts.,https://doi.org/10.1016/j.neuroscience.2017.10.033,abstract_downloaded,saved /Users/jlheller/home/Technical/repos/ModularitySurvey/db/abstracts/10.1016_j.neuroscience.2017.10.033.txt
321,Graphia: A platform for the graph-based visualisation and analysis of high dimensional data,https://doi.org/10.1371/journal.pcbi.1010310,paper_downloaded,saved /Users/jlheller/home/Technical/repos/ModularitySurvey/db/papers/10.1371_journal.pcbi.1010310.pdf
322,GraphWorld: Fake Graphs Bring Real Insights for GNNs,https://doi.org/10.1145/3534678.3539203,doi_title_mismatch,Crossref title: 'GraphWorld' | saved /Users/jlheller/home/Technical/repos/ModularitySurvey/db/abstracts/10.1145_3534678.3539203.txt
323,Grazing intensity induced alternations of soil microbial community composition in aggregates drive soil organic carbon turnover in a desert steppe,https://doi.org/10.1016/J.AGEE.2021.107387,abstract_downloaded,saved /Users/jlheller/home/Technical/repos/ModularitySurvey/db/abstracts/10.1016_J.AGEE.2021.107387.txt
324,GWENA: gene co-expression networks analysis and extended modules characterization in a single Bioconductor package,https://doi.org/10.1186/s12859-021-04179-4,paper_downloaded,saved /Users/jlheller/home/Technical/repos/ModularitySurvey/db/papers/10.1186_s12859-021-04179-4.pdf
325,Hair Cell Mechanotransduction Regulates Spontaneous Activity and Spiral Ganglion Subtype Specification in the Auditory System,https://doi.org/10.1016/j.cell.2018.07.008,abstract_downloaded,saved /Users/jlheller/home/Technical/repos/ModularitySurvey/db/abstracts/10.1016_j.cell.2018.07.008.txt
326,Hakai is required for stabilization of core components of the m6A mRNA methylation machinery,https://doi.org/10.1038/s41467-021-23892-5,paper_downloaded,saved /Users/jlheller/home/Technical/repos/ModularitySurvey/db/papers/10.1038_s41467-021-23892-5.pdf
327,Hard Limits and Performance Tradeoffs in a Class of Antithetic Integral Feedback Networks.,https://doi.org/10.1016/j.cels.2019.06.001,abstract_downloaded,saved /Users/jlheller/home/Technical/repos/ModularitySurvey/db/abstracts/10.1016_j.cels.2019.06.001.txt
328,HDAC6 is a therapeutic target in mutant GARS-induced Charcot-Marie-Tooth disease,https://doi.org/10.1093/brain/awx375,abstract_downloaded,saved /Users/jlheller/home/Technical/repos/ModularitySurvey/db/abstracts/10.1093_brain_awx375.txt
329,Heparan Sulfate Organizes Neuronal Synapses through Neurexin Partnerships,https://doi.org/10.1016/j.cell.2018.07.002,abstract_downloaded,saved /Users/jlheller/home/Technical/repos/ModularitySurvey/db/abstracts/10.1016_j.cell.2018.07.002.txt
330,Hierarchical Feedback Modules and Reaction Hubs in Cell Signaling Networks,https://doi.org/10.1371/journal.pone.0125886,paper_downloaded,saved /Users/jlheller/home/Technical/repos/ModularitySurvey/db/papers/10.1371_journal.pone.0125886.pdf
331,Hierarchical Functional System Development Supports Executive Function,https://doi.org/10.1016/j.tics.2022.11.005,abstract_downloaded,saved /Users/jlheller/home/Technical/repos/ModularitySurvey/db/abstracts/10.1016_j.tics.2022.11.005.txt
332,Hierarchical Organization of Modularity in Metabolic Networks,https://doi.org/10.1126/science.1073374,paper_downloaded,saved /Users/jlheller/home/Technical/repos/ModularitySurvey/db/papers/10.1126_science.1073374.pdf
333,High-throughput mapping of long-range neuronal projection using in situ sequencing,https://doi.org/10.1016/j.cell.2019.09.023,abstract_downloaded,saved /Users/jlheller/home/Technical/repos/ModularitySurvey/db/abstracts/10.1016_j.cell.2019.09.023.txt
334,Higher-order Clustering and Pooling for Graph Neural Networks,https://doi.org/10.1145/3511808.3557353,paper_downloaded,saved /Users/jlheller/home/Technical/repos/ModularitySurvey/db/papers/10.1145_3511808.3557353.pdf
335,Higher-order motif analysis in hypergraphs,https://doi.org/10.1038/s42005-022-00858-7,paper_downloaded,saved /Users/jlheller/home/Technical/repos/ModularitySurvey/db/papers/10.1038_s42005-022-00858-7.pdf
336,HimGNN: a novel hierarchical molecular graph representation learning framework for property prediction,https://doi.org/10.1093/bib/bbad305,abstract_downloaded,saved /Users/jlheller/home/Technical/repos/ModularitySurvey/db/abstracts/10.1093_bib_bbad305.txt
337,HiSCF: leveraging higher-order structures for clustering analysis in biological networks,https://doi.org/10.1093/bioinformatics/btaa775,abstract_downloaded,saved /Users/jlheller/home/Technical/repos/ModularitySurvey/db/abstracts/10.1093_bioinformatics_btaa775.txt
338,Host genotype-specific rhizosphere fungus enhances drought resistance in wheat,https://doi.org/10.1186/s40168-024-01770-8,paper_downloaded,saved /Users/jlheller/home/Technical/repos/ModularitySurvey/db/papers/10.1186_s40168-024-01770-8.pdf
339,Host-aware synthetic biology,https://doi.org/10.1016/J.COISB.2019.03.001,abstract_downloaded,saved /Users/jlheller/home/Technical/repos/ModularitySurvey/db/abstracts/10.1016_J.COISB.2019.03.001.txt
340,How Evolution Learns to Generalise: Using the Principles of Learning Theory to Understand the Evolution of Developmental Organisation,https://doi.org/10.1371/journal.pcbi.1005358,paper_downloaded,saved /Users/jlheller/home/Technical/repos/ModularitySurvey/db/papers/10.1371_journal.pcbi.1005358.pdf
341,How morphological development can guide evolution,https://doi.org/10.1038/s41598-018-31868-7,paper_downloaded,saved /Users/jlheller/home/Technical/repos/ModularitySurvey/db/papers/10.1038_s41598-018-31868-7.pdf
342,Human condensin I and II drive extensive ATP-dependent compaction of nucleosome-bound DNA,https://doi.org/10.1101/683540,abstract_downloaded,saved /Users/jlheller/home/Technical/repos/ModularitySurvey/db/abstracts/10.1101_683540.txt
343,Human de novo Purine Biosynthesis,https://doi.org/10.1080/10409238.2020.1832438,abstract_downloaded,saved /Users/jlheller/home/Technical/repos/ModularitySurvey/db/abstracts/10.1080_10409238.2020.1832438.txt
344,Human information processing in complex networks,https://doi.org/10.1038/s41567-020-0924-7,paper_downloaded,saved /Users/jlheller/home/Technical/repos/ModularitySurvey/db/papers/10.1038_s41567-020-0924-7.pdf
345,Hysteresis control of epithelial-mesenchymal transition dynamics conveys a distinct program with enhanced metastatic ability,https://doi.org/10.1038/s41467-018-07538-7,paper_downloaded,saved /Users/jlheller/home/Technical/repos/ModularitySurvey/db/papers/10.1038_s41467-018-07538-7.pdf
346,Identification of a multienzyme complex for glucose metabolism in living cells,https://doi.org/10.1074/jbc.M117.783050,abstract_downloaded,saved /Users/jlheller/home/Technical/repos/ModularitySurvey/db/abstracts/10.1074_jbc.M117.783050.txt
347,Identification of Biochemical Network Modules Based on Shortest Retroactive Distances,https://doi.org/10.1371/journal.pcbi.1002262,paper_downloaded,saved /Users/jlheller/home/Technical/repos/ModularitySurvey/db/papers/10.1371_journal.pcbi.1002262.pdf
348,Identification of cancer cytotoxic modulators of PDE3A by predictive chemogenomics,https://doi.org/10.1038/nchembio.1984,abstract_downloaded,saved /Users/jlheller/home/Technical/repos/ModularitySurvey/db/abstracts/10.1038_nchembio.1984.txt
349,Identification of disease treatment mechanisms through the multiscale interactome,https://doi.org/10.1038/s41467-021-21770-8,paper_downloaded,saved /Users/jlheller/home/Technical/repos/ModularitySurvey/db/papers/10.1038_s41467-021-21770-8.pdf
350,Identification of EMT signaling cross-talk and gene regulatory networks by single-cell RNA sequencing,https://doi.org/10.1073/pnas.2102050118,abstract_downloaded,saved /Users/jlheller/home/Technical/repos/ModularitySurvey/db/abstracts/10.1073_pnas.2102050118.txt
351,Identification of Hub Genes and Key Pathways Associated With Bipolar Disorder Based on Weighted Gene Co-expression Network Analysis,https://doi.org/10.3389/fphys.2019.01081,abstract_downloaded,saved /Users/jlheller/home/Technical/repos/ModularitySurvey/db/abstracts/10.3389_fphys.2019.01081.txt
352,Identification of Lipocalin 2 as a Ferroptosis-Related Key Gene Associated with Hypoxic-Ischemic Brain Damage via STAT3/NF-κB Signaling Pathway,https://doi.org/10.3390/antiox12010186,abstract_downloaded,saved /Users/jlheller/home/Technical/repos/ModularitySurvey/db/abstracts/10.3390_antiox12010186.txt
353,Identification of network components in presence of unobserved nodes,https://doi.org/10.1109/CDC.2015.7402433,abstract_downloaded,saved /Users/jlheller/home/Technical/repos/ModularitySurvey/db/abstracts/10.1109_CDC.2015.7402433.txt
354,Identification of synthetic lethality based on a functional network by using machine learning algorithms,https://doi.org/10.1002/jcb.27395,abstract_downloaded,saved /Users/jlheller/home/Technical/repos/ModularitySurvey/db/abstracts/10.1002_jcb.27395.txt
355,Identification of Topological Network Modules in Perturbed Protein Interaction Networks,https://doi.org/10.1038/srep43845,paper_downloaded,saved /Users/jlheller/home/Technical/repos/ModularitySurvey/db/papers/10.1038_srep43845.pdf
356,Identifying communities from multiplex biological networks,https://doi.org/10.7717/peerj.1525,abstract_downloaded,saved /Users/jlheller/home/Technical/repos/ModularitySurvey/db/abstracts/10.7717_peerj.1525.txt
357,Identifying influential nodes in complex networks via Transformer,https://doi.org/10.1016/j.ipm.2024.103775,abstract_downloaded,saved /Users/jlheller/home/Technical/repos/ModularitySurvey/db/abstracts/10.1016_j.ipm.2024.103775.txt
358,Idiosyncratic epistasis leads to global fitness-correlated trends,https://doi.org/10.1126/science.abm4774,paper_downloaded,saved /Users/jlheller/home/Technical/repos/ModularitySurvey/db/papers/10.1126_science.abm4774.pdf
359,Immune Cell Gene Signatures for Profiling the Microenvironment of Solid Tumors,https://doi.org/10.1158/2326-6066.CIR-18-0342,abstract_downloaded,saved /Users/jlheller/home/Technical/repos/ModularitySurvey/db/abstracts/10.1158_2326-6066.CIR-18-0342.txt
360,Immunosuppressive Traits of the Hybrid Epithelial/Mesenchymal Phenotype,https://doi.org/10.3389/fimmu.2021.797261,abstract_downloaded,saved /Users/jlheller/home/Technical/repos/ModularitySurvey/db/abstracts/10.3389_fimmu.2021.797261.txt
361,Impaired spike-gamma coupling of area CA3 fast-spiking interneurons as the earliest functional impairment in the AppNL-G-F mouse model of Alzheimer’s disease,https://doi.org/10.1038/s41380-021-01257-0,paper_downloaded,saved /Users/jlheller/home/Technical/repos/ModularitySurvey/db/papers/10.1038_s41380-021-01257-0.pdf
362,Implementing Nonlinear Feedback Controllers Using DNA Strand Displacement Reactions,https://doi.org/10.1109/TNB.2016.2560764,abstract_downloaded,saved /Users/jlheller/home/Technical/repos/ModularitySurvey/db/abstracts/10.1109_TNB.2016.2560764.txt
363,In situ characterisation and manipulation of biological systems with Chi.Bio,https://doi.org/10.1371/journal.pbio.3000794,paper_downloaded,saved /Users/jlheller/home/Technical/repos/ModularitySurvey/db/papers/10.1371_journal.pbio.3000794.pdf
364,In-Silico Analysis and Implementation of a Multicellular Feedback Control Strategy in a Synthetic Bacterial Consortium.,https://doi.org/10.1021/acssynbio.6b00220,abstract_downloaded,saved /Users/jlheller/home/Technical/repos/ModularitySurvey/db/abstracts/10.1021_acssynbio.6b00220.txt
365,Increased structural white and grey matter network connectivity compensates for functional decline in early multiple sclerosis,https://doi.org/10.1177/1352458516651503,abstract_downloaded,saved /Users/jlheller/home/Technical/repos/ModularitySurvey/db/abstracts/10.1177_1352458516651503.txt
366,Individual differences and time‐varying features of modular brain architecture,https://doi.org/10.1016/j.neuroimage.2017.02.066,no_content_found,DOI resolves but no OA PDF or abstract was found
367,Individualized interactomes for network-based precision medicine in hypertrophic cardiomyopathy with implications for other clinical pathophenotypes,https://doi.org/10.1038/s41467-021-21146-y,paper_downloaded,saved /Users/jlheller/home/Technical/repos/ModularitySurvey/db/papers/10.1038_s41467-021-21146-y.pdf
368,Inductive inference of gene regulatory network using supervised and semi-supervised graph neural networks,https://doi.org/10.1016/j.csbj.2020.10.022,abstract_downloaded,saved /Users/jlheller/home/Technical/repos/ModularitySurvey/db/abstracts/10.1016_j.csbj.2020.10.022.txt
369,"Information fusion as an integrative cross-cutting enabler to achieve robust, explainable, and trustworthy medical artificial intelligence",https://doi.org/10.1016/j.inffus.2021.10.007,abstract_downloaded,saved /Users/jlheller/home/Technical/repos/ModularitySurvey/db/abstracts/10.1016_j.inffus.2021.10.007.txt
370,"INGA: protein function prediction combining interaction networks, domain assignments and sequence similarity",https://doi.org/10.1093/nar/gkv523,abstract_downloaded,saved /Users/jlheller/home/Technical/repos/ModularitySurvey/db/abstracts/10.1093_nar_gkv523.txt
371,Inhibition of RAF dimers: it takes two to tango,https://doi.org/10.1042/BST20200485,abstract_downloaded,saved /Users/jlheller/home/Technical/repos/ModularitySurvey/db/abstracts/10.1042_BST20200485.txt
372,Insulated transcriptional elements enable precise design of genetic circuits,https://doi.org/10.1038/s41467-017-00063-z,paper_downloaded,saved /Users/jlheller/home/Technical/repos/ModularitySurvey/db/papers/10.1038_s41467-017-00063-z.pdf
373,Insulin fine-tunes self-renewal pathways governing naive pluripotency and extra-embryonic endoderm,https://doi.org/10.1038/ncb3617,no_content_found,DOI resolves but no OA PDF or abstract was found
374,Integrated Multi-omic Framework of the Plant Response to Jasmonic Acid,https://doi.org/10.1038/s41477-020-0605-7,abstract_downloaded,saved /Users/jlheller/home/Technical/repos/ModularitySurvey/db/abstracts/10.1038_s41477-020-0605-7.txt
375,Integrated Proteogenomic Characterization of HBV-Related Hepatocellular Carcinoma.,https://doi.org/10.1016/j.cell.2019.08.052,abstract_downloaded,saved /Users/jlheller/home/Technical/repos/ModularitySurvey/db/abstracts/10.1016_j.cell.2019.08.052.txt
376,Integrating barcoded neuroanatomy with spatial transcriptional profiling enables identification of gene correlates of projections,https://doi.org/10.1038/s41593-021-00842-4,abstract_downloaded,saved /Users/jlheller/home/Technical/repos/ModularitySurvey/db/abstracts/10.1038_s41593-021-00842-4.txt
377,Integrating Fuzzy Clustering and Graph Convolution Network to Accurately Identify Clusters From Attributed Graph,https://doi.org/10.1109/TNSE.2024.3524077,abstract_downloaded,saved /Users/jlheller/home/Technical/repos/ModularitySurvey/db/abstracts/10.1109_TNSE.2024.3524077.txt
378,Integrative Multi-Omics Approaches in Cancer Research: From Biological Networks to Clinical Subtypes,https://doi.org/10.14348/molcells.2021.0042,abstract_downloaded,saved /Users/jlheller/home/Technical/repos/ModularitySurvey/db/abstracts/10.14348_molcells.2021.0042.txt
379,Integrative network analysis identifies cell-specific trans regulators of m6A,https://doi.org/10.1093/nar/gkz1206,invalid_doi,DOI does not resolve via Crossref
380,Integrative spatial analysis reveals a multi-layered organization of glioblastoma,https://doi.org/10.1101/2023.07.06.547924,paper_downloaded,saved /Users/jlheller/home/Technical/repos/ModularitySurvey/db/papers/10.1101_2023.07.06.547924.pdf
381,Integrator Recruits Protein Phosphatase 2A to Prevent Pause Release and Facilitate Transcription Termination,https://doi.org/10.1016/j.molcel.2020.08.016,abstract_downloaded,saved /Users/jlheller/home/Technical/repos/ModularitySurvey/db/abstracts/10.1016_j.molcel.2020.08.016.txt
382,Intelligence is associated with the modular structure of intrinsic brain networks,https://doi.org/10.1038/s41598-017-15795-7,paper_downloaded,saved /Users/jlheller/home/Technical/repos/ModularitySurvey/db/papers/10.1038_s41598-017-15795-7.pdf
383,Interactome-based approaches to human disease,https://doi.org/10.1016/J.COISB.2017.04.015,abstract_downloaded,saved /Users/jlheller/home/Technical/repos/ModularitySurvey/db/abstracts/10.1016_J.COISB.2017.04.015.txt
384,Interneuron Types as Attractors and Controllers,https://doi.org/10.1146/annurev-neuro-070918-050421,abstract_downloaded,saved /Users/jlheller/home/Technical/repos/ModularitySurvey/db/abstracts/10.1146_annurev-neuro-070918-050421.txt
385,Interplay between inflammation and cancer.,https://doi.org/10.1016/bs.apcsb.2019.09.004,abstract_downloaded,saved /Users/jlheller/home/Technical/repos/ModularitySurvey/db/abstracts/10.1016_bs.apcsb.2019.09.004.txt
386,Interpretation of Cancer Mutations Using a Multiscale Map of Protein Systems,https://doi.org/10.1126/science.abf3067,abstract_downloaded,saved /Users/jlheller/home/Technical/repos/ModularitySurvey/db/abstracts/10.1126_science.abf3067.txt
387,Interrogating the topological robustness of gene regulatory circuits by randomization,https://doi.org/10.1371/journal.pcbi.1005456,paper_downloaded,saved /Users/jlheller/home/Technical/repos/ModularitySurvey/db/papers/10.1371_journal.pcbi.1005456.pdf
388,"Interrogation of Mammalian Protein Complex Structure, Function, and Membership Using Genome-Scale Fitness Screens",https://doi.org/10.1016/j.cels.2018.04.011,abstract_downloaded,saved /Users/jlheller/home/Technical/repos/ModularitySurvey/db/abstracts/10.1016_j.cels.2018.04.011.txt
389,Intrinsically disordered proteins in the nucleus of human cells,https://doi.org/10.1016/j.bbrep.2015.03.003,abstract_downloaded,saved /Users/jlheller/home/Technical/repos/ModularitySurvey/db/abstracts/10.1016_j.bbrep.2015.03.003.txt
390,INTS10–INTS13–INTS14 form a functional module of Integrator that binds nucleic acids and the cleavage module,https://doi.org/10.1038/s41467-020-17232-2,paper_downloaded,saved /Users/jlheller/home/Technical/repos/ModularitySurvey/db/papers/10.1038_s41467-020-17232-2.pdf
391,Investigation on Changes of Modularity and Robustness by Edge-Removal Mutations in Signaling Networks,https://doi.org/10.1186/s12918-017-0505-2,paper_downloaded,saved /Users/jlheller/home/Technical/repos/ModularitySurvey/db/papers/10.1186_s12918-017-0505-2.pdf
392,Is functional integration of resting state brain networks an unspecific biomarker for working memory performance?,https://doi.org/10.1016/j.neuroimage.2014.12.046,no_content_found,DOI resolves but no OA PDF or abstract was found
393,Is stochastic thermodynamics the key to understanding the energy costs of computation?,https://doi.org/10.1073/pnas.2321112121,abstract_downloaded,saved /Users/jlheller/home/Technical/repos/ModularitySurvey/db/abstracts/10.1073_pnas.2321112121.txt
394,It is time to apply biclustering: a comprehensive review of biclustering applications in biological and biomedical data,https://doi.org/10.1093/bib/bby014,abstract_downloaded,saved /Users/jlheller/home/Technical/repos/ModularitySurvey/db/abstracts/10.1093_bib_bby014.txt
395,Keeping the Proportions of Protein Complex Components in Check,https://doi.org/10.1016/j.cels.2020.01.004,abstract_downloaded,saved /Users/jlheller/home/Technical/repos/ModularitySurvey/db/abstracts/10.1016_j.cels.2020.01.004.txt
396,Ketamine disinhibits dendrites and enhances calcium signals in prefrontal dendritic spines,https://doi.org/10.1038/s41467-019-13809-8,paper_downloaded,saved /Users/jlheller/home/Technical/repos/ModularitySurvey/db/papers/10.1038_s41467-019-13809-8.pdf
397,Key biological processes driving metastatic spread of pancreatic cancer as identified by multi-omics studies.,https://doi.org/10.1016/j.semcancer.2017.03.008,abstract_downloaded,saved /Users/jlheller/home/Technical/repos/ModularitySurvey/db/abstracts/10.1016_j.semcancer.2017.03.008.txt
398,Kinase Interaction Network Expands Functional and Disease Roles of Human Kinases,https://doi.org/10.1016/j.molcel.2020.07.001,abstract_downloaded,saved /Users/jlheller/home/Technical/repos/ModularitySurvey/db/abstracts/10.1016_j.molcel.2020.07.001.txt
399,Knowledge infrastructure and safe operating spaces in social–ecological systems,https://doi.org/10.1073/pnas.1802885115,abstract_downloaded,saved /Users/jlheller/home/Technical/repos/ModularitySurvey/db/abstracts/10.1073_pnas.1802885115.txt
400,L-GRAAL: Lagrangian graphlet-based network aligner,https://doi.org/10.1093/bioinformatics/btv130,abstract_downloaded,saved /Users/jlheller/home/Technical/repos/ModularitySurvey/db/abstracts/10.1093_bioinformatics_btv130.txt
401,Landscape of the Plasmodium Interactome Reveals Both Conserved and Species-Specific Functionality,https://doi.org/10.1016/j.celrep.2019.07.019,abstract_downloaded,saved /Users/jlheller/home/Technical/repos/ModularitySurvey/db/abstracts/10.1016_j.celrep.2019.07.019.txt
402,Large-Scale Deep Multi-Layer Analysis of Alzheimer’s Disease Brain Reveals Strong Proteomic Disease-Related Changes Not Observed at the RNA Level,https://doi.org/10.1038/s41593-021-00999-y,paper_downloaded,saved /Users/jlheller/home/Technical/repos/ModularitySurvey/db/papers/10.1038_s41593-021-00999-y.pdf
403,Lateral Root Formation in Arabidopsis: A Well-Ordered LRexit.,https://doi.org/10.1016/j.tplants.2019.06.015,abstract_downloaded,saved /Users/jlheller/home/Technical/repos/ModularitySurvey/db/abstracts/10.1016_j.tplants.2019.06.015.txt
404,Learning causal networks using inducible transcription factors and transcriptome‐wide time series,https://doi.org/10.15252/msb.20199174,abstract_downloaded,saved /Users/jlheller/home/Technical/repos/ModularitySurvey/db/abstracts/10.15252_msb.20199174.txt
405,Learning Without Neurons in Physical Systems,https://doi.org/10.1146/annurev-conmatphys-040821-113439,paper_downloaded,saved /Users/jlheller/home/Technical/repos/ModularitySurvey/db/papers/10.1146_annurev-conmatphys-040821-113439.pdf
406,Lessons from equilibrium statistical physics regarding the assembly of protein complexes,https://doi.org/10.1073/pnas.1911028117,abstract_downloaded,saved /Users/jlheller/home/Technical/repos/ModularitySurvey/db/abstracts/10.1073_pnas.1911028117.txt
407,Life's building blocks: the modular path to multiscale complexity,https://doi.org/10.3389/fsysb.2024.1417800,paper_downloaded,saved /Users/jlheller/home/Technical/repos/ModularitySurvey/db/papers/10.3389_fsysb.2024.1417800.pdf
408,LIMT is a novel metastasis inhibiting lncRNA suppressed by EGF and downregulated in aggressive breast cancer,https://doi.org/10.15252/emmm.201606198,abstract_downloaded,saved /Users/jlheller/home/Technical/repos/ModularitySurvey/db/abstracts/10.15252_emmm.201606198.txt
409,Linear integration of ERK activity predominates over persistence detection in Fra-1 regulation,https://doi.org/10.1016/j.cels.2017.10.019,abstract_downloaded,saved /Users/jlheller/home/Technical/repos/ModularitySurvey/db/abstracts/10.1016_j.cels.2017.10.019.txt
410,Link prediction approach combined graph neural network with capsule network,https://doi.org/10.1016/j.eswa.2022.118737,no_content_found,DOI resolves but no OA PDF or abstract was found
411,"Link prediction techniques, applications, and performance: A survey",https://doi.org/10.1016/j.physa.2020.124289,abstract_downloaded,saved /Users/jlheller/home/Technical/repos/ModularitySurvey/db/abstracts/10.1016_j.physa.2020.124289.txt
412,Living Things Are Not (20th Century) Machines: Updating Mechanism Metaphors in Light of the Modern Science of Machine Behavior,https://doi.org/10.3389/fevo.2021.650726,paper_downloaded,saved /Users/jlheller/home/Technical/repos/ModularitySurvey/db/papers/10.3389_fevo.2021.650726.pdf
413,Local dominance unveils clusters in networks,https://doi.org/10.1038/s42005-024-01635-4,paper_downloaded,saved /Users/jlheller/home/Technical/repos/ModularitySurvey/db/papers/10.1038_s42005-024-01635-4.pdf
414,Local versus global biological network alignment,https://doi.org/10.1093/bioinformatics/btw348,abstract_downloaded,saved /Users/jlheller/home/Technical/repos/ModularitySurvey/db/abstracts/10.1093_bioinformatics_btw348.txt
415,Logic-based modeling of biological networks with Netflux,https://doi.org/10.1371/journal.pcbi.1012864,abstract_downloaded,saved /Users/jlheller/home/Technical/repos/ModularitySurvey/db/abstracts/10.1371_journal.pcbi.1012864.txt
416,Logic-based modeling of biological networks with Netflux,https://doi.org/10.1371/journal.pcbi.1012864,abstract_downloaded,already present
417,Long-term training modifies the modular structure and organization of walking balance control.,https://doi.org/10.1152/jn.00758.2015,abstract_downloaded,saved /Users/jlheller/home/Technical/repos/ModularitySurvey/db/abstracts/10.1152_jn.00758.2015.txt
418,Longitudinal Changes in the Cerebral Cortex Functional Organization of Healthy Elderly,https://doi.org/10.1523/JNEUROSCI.1451-18.2019,abstract_downloaded,saved /Users/jlheller/home/Technical/repos/ModularitySurvey/db/abstracts/10.1523_JNEUROSCI.1451-18.2019.txt
419,Machine learning for synergistic network pharmacology: a comprehensive overview,https://doi.org/10.1093/bib/bbad120,abstract_downloaded,saved /Users/jlheller/home/Technical/repos/ModularitySurvey/db/abstracts/10.1093_bib_bbad120.txt
420,Macroecological trends in nestedness and modularity of seed-dispersal networks: human impact matters,https://doi.org/10.1111/GEB.12270,abstract_downloaded,saved /Users/jlheller/home/Technical/repos/ModularitySurvey/db/abstracts/10.1111_GEB.12270.txt
421,Mafb and c-Maf Have Prenatal Compensatory and Postnatal Antagonistic Roles in Cortical Interneuron Fate and Function,https://doi.org/10.1016/j.celrep.2019.01.031,abstract_downloaded,saved /Users/jlheller/home/Technical/repos/ModularitySurvey/db/abstracts/10.1016_j.celrep.2019.01.031.txt
422,Maize root-associated niches determine the response variation in bacterial community assembly and function to phthalate pollution.,https://doi.org/10.1016/j.jhazmat.2022.128280,abstract_downloaded,saved /Users/jlheller/home/Technical/repos/ModularitySurvey/db/abstracts/10.1016_j.jhazmat.2022.128280.txt
423,MAPK and PI3K Signaling: at the Crossroads of Neural Crest Development,https://doi.org/10.1016/j.ydbio.2018.02.003,abstract_downloaded,saved /Users/jlheller/home/Technical/repos/ModularitySurvey/db/abstracts/10.1016_j.ydbio.2018.02.003.txt
424,Mapping Connections in Signaling Networks with Ambiguous Modularity,https://doi.org/10.1038/s41540-019-0096-1,paper_downloaded,saved /Users/jlheller/home/Technical/repos/ModularitySurvey/db/papers/10.1038_s41540-019-0096-1.pdf
425,Mapping the genetic landscape of human cells,https://doi.org/10.1016/j.cell.2018.06.010,abstract_downloaded,saved /Users/jlheller/home/Technical/repos/ModularitySurvey/db/abstracts/10.1016_j.cell.2018.06.010.txt
426,Mapping the multiscale structure of biological systems,https://doi.org/10.1016/j.cels.2021.05.012,abstract_downloaded,saved /Users/jlheller/home/Technical/repos/ModularitySurvey/db/abstracts/10.1016_j.cels.2021.05.012.txt
427,Mapping the multiscale structure of biological systems,https://doi.org/10.1016/j.cels.2021.05.012,abstract_downloaded,already present
428,Mass spectrometry‐based protein–protein interaction networks for the study of human diseases,https://doi.org/10.15252/msb.20188792,abstract_downloaded,saved /Users/jlheller/home/Technical/repos/ModularitySurvey/db/abstracts/10.15252_msb.20188792.txt
429,Maximizing binary interactome mapping with a minimal number of assays,https://doi.org/10.1038/s41467-019-11809-2,paper_downloaded,saved /Users/jlheller/home/Technical/repos/ModularitySurvey/db/papers/10.1038_s41467-019-11809-2.pdf
430,MDA-GCNFTG: identifying miRNA-disease associations based on graph convolutional networks via graph sampling through the feature and topology graph,https://doi.org/10.1093/bib/bbab165,abstract_downloaded,saved /Users/jlheller/home/Technical/repos/ModularitySurvey/db/abstracts/10.1093_bib_bbab165.txt
431,Measuring Node Contribution to Community Structure With Modularity Vitality,https://doi.org/10.1109/TNSE.2020.3049068,paper_downloaded,saved /Users/jlheller/home/Technical/repos/ModularitySurvey/db/papers/10.1109_TNSE.2020.3049068.pdf
432,Mechanisms of mutational robustness in transcriptional regulation,https://doi.org/10.3389/fgene.2015.00322,paper_downloaded,saved /Users/jlheller/home/Technical/repos/ModularitySurvey/db/papers/10.3389_fgene.2015.00322.pdf
433,Membrane identity and GTPase cascades regulated by toggle and cut-out switches,https://doi.org/10.1038/msb.2008.45,abstract_downloaded,saved /Users/jlheller/home/Technical/repos/ModularitySurvey/db/abstracts/10.1038_msb.2008.45.txt
434,Metabolites are not genes — avoiding the misuse of pathway analysis in metabolomics,https://doi.org/10.1038/s42255-025-01283-0,no_content_found,DOI resolves but no OA PDF or abstract was found
435,Metabolomics in Diabetes and Diabetic Complications: Insights from Epidemiological Studies,https://doi.org/10.3390/cells10112832,abstract_downloaded,saved /Users/jlheller/home/Technical/repos/ModularitySurvey/db/abstracts/10.3390_cells10112832.txt
436,Methods for depicting overlap in overviews of systematic reviews: An introduction to static tabular and graphical displays.,https://doi.org/10.1016/j.jclinepi.2020.12.004,abstract_downloaded,saved /Users/jlheller/home/Technical/repos/ModularitySurvey/db/abstracts/10.1016_j.jclinepi.2020.12.004.txt
437,"Methods for protein complex prediction and their contributions towards understanding the organisation, function and dynamics of complexes",https://doi.org/10.1016/j.febslet.2015.04.026,paper_downloaded,saved /Users/jlheller/home/Technical/repos/ModularitySurvey/db/papers/10.1016_j.febslet.2015.04.026.pdf
438,METTL3 acetylation impedes cancer metastasis via fine-tuning its nuclear and cytosolic functions,https://doi.org/10.1038/s41467-022-34209-5,paper_downloaded,saved /Users/jlheller/home/Technical/repos/ModularitySurvey/db/papers/10.1038_s41467-022-34209-5.pdf
439,Microbes and complex diseases: from experimental results to computational models,https://doi.org/10.1093/bib/bbaa158,abstract_downloaded,saved /Users/jlheller/home/Technical/repos/ModularitySurvey/db/abstracts/10.1093_bib_bbaa158.txt
440,"Microbiome Multi-Omics Network Analysis: Statistical Considerations, Limitations, and Opportunities",https://doi.org/10.3389/fgene.2019.00995,paper_downloaded,saved /Users/jlheller/home/Technical/repos/ModularitySurvey/db/papers/10.3389_fgene.2019.00995.pdf
441,Minimizing Context Dependency of Gene Networks Using Artificial Cells.,https://doi.org/10.1021/acsami.8b10029,abstract_downloaded,saved /Users/jlheller/home/Technical/repos/ModularitySurvey/db/abstracts/10.1021_acsami.8b10029.txt
442,miRNA551b-3p Activates an Oncostatin Signaling Module for the Progression of Triple-Negative Breast Cancer.,https://doi.org/10.1016/j.celrep.2019.11.085,abstract_downloaded,saved /Users/jlheller/home/Technical/repos/ModularitySurvey/db/abstracts/10.1016_j.celrep.2019.11.085.txt
443,miRNet 2.0: network-based visual analytics for miRNA functional analysis and systems biology,https://doi.org/10.1093/nar/gkaa467,abstract_downloaded,saved /Users/jlheller/home/Technical/repos/ModularitySurvey/db/abstracts/10.1093_nar_gkaa467.txt
444,Misuse of the Michaelis–Menten rate law for protein interaction networks and its remedy,https://doi.org/10.1371/journal.pcbi.1008258,paper_downloaded,saved /Users/jlheller/home/Technical/repos/ModularitySurvey/db/papers/10.1371_journal.pcbi.1008258.pdf
445,"Mitigating off‐target effects of small RNAs: conventional approaches, network theory and artificial intelligence",https://doi.org/10.1111/bph.17302,abstract_downloaded,saved /Users/jlheller/home/Technical/repos/ModularitySurvey/db/abstracts/10.1111_bph.17302.txt
446,Model organism data evolving in support of translational medicine,https://doi.org/10.1038/s41684-018-0150-4,abstract_downloaded,saved /Users/jlheller/home/Technical/repos/ModularitySurvey/db/abstracts/10.1038_s41684-018-0150-4.txt
447,Modular Analysis and Design of Biological Circuits,https://doi.org/10.1016/j.copbio.2019.08.005,doi_title_mismatch,Crossref title: 'Multi-faceted approaches to discovering and predicting microbial nutritional interactions' | saved /Users/jlheller/home/Technical/repos/ModularitySurvey/db/abstracts/10.1016_j.copbio.2019.08.005.txt
448,Modular Assembly of Polysaccharide-Degrading Marine Microbial Communities.,https://doi.org/10.1016/j.cub.2019.03.047,abstract_downloaded,saved /Users/jlheller/home/Technical/repos/ModularitySurvey/db/abstracts/10.1016_j.cub.2019.03.047.txt
449,Modular Cell Biology: Retroactivity and Insulation,https://doi.org/10.1038/msb4100204,abstract_downloaded,saved /Users/jlheller/home/Technical/repos/ModularitySurvey/db/abstracts/10.1038_msb4100204.txt
450,Modular Composition of Gene Transcription Networks,https://doi.org/10.1371/journal.pcbi.1003486,paper_downloaded,saved /Users/jlheller/home/Technical/repos/ModularitySurvey/db/papers/10.1371_journal.pcbi.1003486.pdf
451,Modular Deep Learning,https://doi.org/10.48550/arXiv.2302.11529,invalid_doi,DOI does not resolve via Crossref
452,Modular epistasis and the compensatory evolution of gene deletion mutants,https://doi.org/10.1371/journal.pgen.1007958,paper_downloaded,saved /Users/jlheller/home/Technical/repos/ModularitySurvey/db/papers/10.1371_journal.pgen.1007958.pdf
453,Modular Evolution of the Drosophila Metabolome,https://doi.org/10.1093/molbev/msab307,abstract_downloaded,saved /Users/jlheller/home/Technical/repos/ModularitySurvey/db/abstracts/10.1093_molbev_msab307.txt
454,Modular organization of cellular networks,https://doi.org/10.1073/pnas.0237338100,abstract_downloaded,saved /Users/jlheller/home/Technical/repos/ModularitySurvey/db/abstracts/10.1073_pnas.0237338100.txt
455,Modular‐level alterations of structure–function coupling in schizophrenia connectome,https://doi.org/10.1002/hbm.23501,abstract_downloaded,saved /Users/jlheller/home/Technical/repos/ModularitySurvey/db/abstracts/10.1002_hbm.23501.txt
456,Modularity and community structure in networks,https://www.pnas.org/doi/abs/10.1073/pnas.0601602103,paper_downloaded,saved /Users/jlheller/home/Technical/repos/ModularitySurvey/db/papers/https___www.pnas.org_doi_abs_10.1073_pnas.0601602103.pdf
457,Modularity and community structure in networks,https://www.pnas.org/doi/abs/10.1073/pnas.0601602103,paper_downloaded,already present
458,Modularity and community structure in networks,https://doi.org/10.1073/pnas.0601602103,paper_downloaded,saved /Users/jlheller/home/Technical/repos/ModularitySurvey/db/papers/10.1073_pnas.0601602103.pdf
459,Modularity and stability in ecological communities,https://doi.org/10.1038/ncomms12031,paper_downloaded,saved /Users/jlheller/home/Technical/repos/ModularitySurvey/db/papers/10.1038_ncomms12031.pdf
460,Modularity in Biological Networks,https://doi.org/10.3389/fgene.2021.701331,paper_downloaded,saved /Users/jlheller/home/Technical/repos/ModularitySurvey/db/papers/10.3389_fgene.2021.701331.pdf
461,Modularity of biological systems: a link,doi.org/10.1098/rsif.2023.0505,abstract_downloaded,saved /Users/jlheller/home/Technical/repos/ModularitySurvey/db/abstracts/doi.org_10.1098_rsif.2023.0505.txt
462,Modularity of biological systems: a link,doi.org/10.1098/rsif.2023.0505,abstract_downloaded,already present
463,Modularity of biological systems: a link between structure and function,https://doi.org/10.1098/rsif.2023.0505,abstract_downloaded,saved /Users/jlheller/home/Technical/repos/ModularitySurvey/db/abstracts/10.1098_rsif.2023.0505.txt
464,Modularity of biological systems: a link between structure and function,https://doi.org/10.1098/rsif.2023.0505,abstract_downloaded,already present
465,"Modularity, Context-Dependence, and Insulation in Engineered Biological Circuits",https://doi.org/10.1016/j.tibtech.2014.11.009,abstract_downloaded,saved /Users/jlheller/home/Technical/repos/ModularitySurvey/db/abstracts/10.1016_j.tibtech.2014.11.009.txt
466,"Modularity: genes, development and evolution.",https://doi.org/10.1146/annurev-ecolsys-121415-032409,abstract_downloaded,saved /Users/jlheller/home/Technical/repos/ModularitySurvey/db/abstracts/10.1146_annurev-ecolsys-121415-032409.txt
467,Molecular and cellular evolution of the primate dorsolateral prefrontal cortex,https://doi.org/10.1126/science.abo7257,abstract_downloaded,saved /Users/jlheller/home/Technical/repos/ModularitySurvey/db/abstracts/10.1126_science.abo7257.txt
468,Molecular cartography uncovers evolutionary and microenvironmental dynamics in sporadic colorectal tumors,https://doi.org/10.1101/2023.03.09.530832,abstract_downloaded,saved /Users/jlheller/home/Technical/repos/ModularitySurvey/db/abstracts/10.1101_2023.03.09.530832.txt
469,Molecular Networks in Network Medicine: Development and Applications,https://doi.org/10.1002/wsbm.1489,abstract_downloaded,saved /Users/jlheller/home/Technical/repos/ModularitySurvey/db/abstracts/10.1002_wsbm.1489.txt
470,"Molecular, Spatial and Functional Single-Cell Profiling of the Hypothalamic Preoptic Region",https://doi.org/10.1126/science.aau5324,abstract_downloaded,saved /Users/jlheller/home/Technical/repos/ModularitySurvey/db/abstracts/10.1126_science.aau5324.txt
471,More is different in real-world multilayer networks,https://doi.org/10.1038/s41567-023-02132-1,no_content_found,DOI resolves but no OA PDF or abstract was found
472,Morphological evolution and modularity of the caecilian skull,https://doi.org/10.1186/s12862-018-1342-7,paper_downloaded,saved /Users/jlheller/home/Technical/repos/ModularitySurvey/db/papers/10.1186_s12862-018-1342-7.pdf
473,MTGO: PPI Network Analysis Via Topological and Functional Module Identification,https://doi.org/10.1038/s41598-018-23672-0,paper_downloaded,saved /Users/jlheller/home/Technical/repos/ModularitySurvey/db/papers/10.1038_s41598-018-23672-0.pdf
474,Mucus accumulation in the lungs precedes structural changes and infection in children with cystic fibrosis,https://doi.org/10.1126/scitranslmed.aav3488,paper_downloaded,saved /Users/jlheller/home/Technical/repos/ModularitySurvey/db/papers/10.1126_scitranslmed.aav3488.pdf
475,Multifunctional soft machines based on stimuli-responsive hydrogels: from freestanding hydrogels to smart integrated systems,https://doi.org/10.1016/j.mtadv.2020.100088,abstract_downloaded,saved /Users/jlheller/home/Technical/repos/ModularitySurvey/db/abstracts/10.1016_j.mtadv.2020.100088.txt
476,Multimodal Analysis of Cell Types in a Hypothalamic Node Controlling Social Behavior.,https://doi.org/10.1016/j.cell.2019.09.020,abstract_downloaded,saved /Users/jlheller/home/Technical/repos/ModularitySurvey/db/abstracts/10.1016_j.cell.2019.09.020.txt
477,Multimodal Analysis of Composition and Spatial Architecture in Human Squamous Cell Carcinoma,https://doi.org/10.1016/j.cell.2020.05.039,abstract_downloaded,saved /Users/jlheller/home/Technical/repos/ModularitySurvey/db/abstracts/10.1016_j.cell.2020.05.039.txt
478,Multimodal gradients across mouse cortex,https://doi.org/10.1073/pnas.1814144116,abstract_downloaded,saved /Users/jlheller/home/Technical/repos/ModularitySurvey/db/abstracts/10.1073_pnas.1814144116.txt
479,Multiple Network Alignment via MultiMAGNA++,https://doi.org/10.1109/TCBB.2017.2740381,paper_downloaded,saved /Users/jlheller/home/Technical/repos/ModularitySurvey/db/papers/10.1109_TCBB.2017.2740381.pdf
480,Multiplexed live-cell profiling with Raman probes,https://doi.org/10.1038/s41467-021-23700-0,paper_downloaded,saved /Users/jlheller/home/Technical/repos/ModularitySurvey/db/papers/10.1038_s41467-021-23700-0.pdf
481,Multiscale community detection in Cytoscape,https://doi.org/10.1371/journal.pcbi.1008239,paper_downloaded,saved /Users/jlheller/home/Technical/repos/ModularitySurvey/db/papers/10.1371_journal.pcbi.1008239.pdf
482,Multivalent Histone and DNA Engagement by a PHD/BRD/PWWP Triple Reader Cassette Recruits ZMYND8 to K14ac-Rich Chromatin,https://doi.org/10.1016/j.celrep.2016.11.014,abstract_downloaded,saved /Users/jlheller/home/Technical/repos/ModularitySurvey/db/abstracts/10.1016_j.celrep.2016.11.014.txt
483,MyD88 Death-Domain Oligomerization Determines Myddosome Architecture: Implications for Toll-like Receptor Signaling,https://doi.org/10.1016/j.str.2020.01.003,abstract_downloaded,saved /Users/jlheller/home/Technical/repos/ModularitySurvey/db/abstracts/10.1016_j.str.2020.01.003.txt
484,Natively unfolded FG-repeats stabilize the structure of the nuclear pore complex,https://doi.org/10.1016/j.cell.2017.09.033,abstract_downloaded,saved /Users/jlheller/home/Technical/repos/ModularitySurvey/db/abstracts/10.1016_j.cell.2017.09.033.txt
485,NetCoMi: network construction and comparison for microbiome data in R,https://doi.org/10.1093/bib/bbaa290,abstract_downloaded,saved /Users/jlheller/home/Technical/repos/ModularitySurvey/db/abstracts/10.1093_bib_bbaa290.txt
486,Network analyses in microbiome based on high-throughput multi-omics data,https://doi.org/10.1093/bib/bbaa005,abstract_downloaded,saved /Users/jlheller/home/Technical/repos/ModularitySurvey/db/abstracts/10.1093_bib_bbaa005.txt
487,Network analysis of immunotherapy-induced regressing tumours identifies novel synergistic drug combinations,https://doi.org/10.1038/srep12298,paper_downloaded,saved /Users/jlheller/home/Technical/repos/ModularitySurvey/db/papers/10.1038_srep12298.pdf
488,Network analysis of mineralogical systems,https://doi.org/10.2138/am-2017-6104CCBYNCND,abstract_downloaded,saved /Users/jlheller/home/Technical/repos/ModularitySurvey/db/abstracts/10.2138_am-2017-6104CCBYNCND.txt
489,Network constraints on learnability of probabilistic motor sequences,https://doi.org/10.1038/s41562-018-0463-8,paper_downloaded,saved /Users/jlheller/home/Technical/repos/ModularitySurvey/db/papers/10.1038_s41562-018-0463-8.pdf
490,Network enhancement as a general method to denoise weighted biological networks,https://doi.org/10.1038/s41467-018-05469-x,paper_downloaded,saved /Users/jlheller/home/Technical/repos/ModularitySurvey/db/papers/10.1038_s41467-018-05469-x.pdf
491,Network medicine framework for identifying drug-repurposing opportunities for COVID-19,https://doi.org/10.1073/pnas.2025581118,abstract_downloaded,saved /Users/jlheller/home/Technical/repos/ModularitySurvey/db/abstracts/10.1073_pnas.2025581118.txt
492,Network medicine framework reveals generic herb-symptom effectiveness of traditional Chinese medicine,https://doi.org/10.1126/sciadv.adh0215,paper_downloaded,saved /Users/jlheller/home/Technical/repos/ModularitySurvey/db/papers/10.1126_sciadv.adh0215.pdf
493,Network Medicine in Pathobiology.,https://doi.org/10.1016/j.ajpath.2019.03.009,abstract_downloaded,saved /Users/jlheller/home/Technical/repos/ModularitySurvey/db/abstracts/10.1016_j.ajpath.2019.03.009.txt
494,Network Medicine in the Age of Biomedical Big Data,https://doi.org/10.3389/fgene.2019.00294,paper_downloaded,saved /Users/jlheller/home/Technical/repos/ModularitySurvey/db/papers/10.3389_fgene.2019.00294.pdf
495,Network morphospace,https://doi.org/10.1098/rsif.2014.0881,abstract_downloaded,saved /Users/jlheller/home/Technical/repos/ModularitySurvey/db/abstracts/10.1098_rsif.2014.0881.txt
496,Network motifs and their origins,https://doi.org/10.1371/journal.pcbi.1006749,paper_downloaded,saved /Users/jlheller/home/Technical/repos/ModularitySurvey/db/papers/10.1371_journal.pcbi.1006749.pdf
497,Network Motifs: Simple Building Blocks of Complex Networks,https://doi.org/10.1126/science.298.5594.824,abstract_downloaded,saved /Users/jlheller/home/Technical/repos/ModularitySurvey/db/abstracts/10.1126_science.298.5594.824.txt
498,Network motifs: theory and experimental approaches,https://doi.org/10.1038/nrg2102,no_content_found,DOI resolves but no OA PDF or abstract was found
499,Network Statistics of the Whole-Brain Connectome of Drosophila,https://doi.org/10.1101/2023.07.29.551086,abstract_downloaded,saved /Users/jlheller/home/Technical/repos/ModularitySurvey/db/abstracts/10.1101_2023.07.29.551086.txt
500,Network topologies that can achieve dual function of adaptation and noise attenuation,https://doi.org/10.1016/j.cels.2019.08.006,abstract_downloaded,saved /Users/jlheller/home/Technical/repos/ModularitySurvey/db/abstracts/10.1016_j.cels.2019.08.006.txt
501,Network-Based Combinatorial CRISPR-Cas9 Screens Identify Synergistic Modules in Human Cells.,https://doi.org/10.1021/acssynbio.8b00237,abstract_downloaded,saved /Users/jlheller/home/Technical/repos/ModularitySurvey/db/abstracts/10.1021_acssynbio.8b00237.txt
502,Network-based drug repurposing for novel coronavirus 2019-nCoV/SARS-CoV-2,https://doi.org/10.1038/s41421-020-0153-3,paper_downloaded,saved /Users/jlheller/home/Technical/repos/ModularitySurvey/db/papers/10.1038_s41421-020-0153-3.pdf
503,Network-based technologies for early drug discovery.,https://doi.org/10.1016/j.drudis.2017.12.001,no_content_found,DOI resolves but no OA PDF or abstract was found
504,Network-level macroscale structural connectivity predicts propagation of transcranial magnetic stimulation,https://doi.org/10.1016/j.neuroimage.2020.117698,abstract_downloaded,saved /Users/jlheller/home/Technical/repos/ModularitySurvey/db/abstracts/10.1016_j.neuroimage.2020.117698.txt
505,Networked Buffering: A Basic Mechanism for Distributed Robustness in Complex Adaptive Systems,https://doi.org/10.1186/1742-4682-7-20,paper_downloaded,saved /Users/jlheller/home/Technical/repos/ModularitySurvey/db/papers/10.1186_1742-4682-7-20.pdf
506,Networks as tools for defining emergent properties of microbiomes and their stability,https://doi.org/10.1186/s40168-024-01868-z,paper_downloaded,saved /Users/jlheller/home/Technical/repos/ModularitySurvey/db/papers/10.1186_s40168-024-01868-z.pdf
507,Networks beyond pairwise interactions: structure and dynamics,https://doi.org/10.1016/j.physrep.2020.05.004,abstract_downloaded,saved /Users/jlheller/home/Technical/repos/ModularitySurvey/db/abstracts/10.1016_j.physrep.2020.05.004.txt
508,Neural Modularity Helps Organisms Evolve to Learn New Skills without Forgetting Old Skills,https://doi.org/10.1371/journal.pcbi.1004128,paper_downloaded,saved /Users/jlheller/home/Technical/repos/ModularitySurvey/db/papers/10.1371_journal.pcbi.1004128.pdf
509,Neurofibromin is an Estrogen Receptor-α Transcriptional Co-repressor in Breast Cancer,https://doi.org/10.1016/j.ccell.2020.02.003,abstract_downloaded,saved /Users/jlheller/home/Technical/repos/ModularitySurvey/db/abstracts/10.1016_j.ccell.2020.02.003.txt
510,Neuronal circuits in barrel cortex for whisker sensory perception.,https://doi.org/10.1152/physrev.00019.2019,abstract_downloaded,saved /Users/jlheller/home/Technical/repos/ModularitySurvey/db/abstracts/10.1152_physrev.00019.2019.txt
511,"New data and collaborations at the Saccharomyces Genome Database: updated reference genome, alleles, and the Alliance of Genome Resources",https://doi.org/10.1093/genetics/iyab224,abstract_downloaded,saved /Users/jlheller/home/Technical/repos/ModularitySurvey/db/abstracts/10.1093_genetics_iyab224.txt
512,New Insights into CDK Regulators: Novel Opportunities for Cancer Therapy.,https://doi.org/10.1016/j.tcb.2021.01.010,abstract_downloaded,saved /Users/jlheller/home/Technical/repos/ModularitySurvey/db/abstracts/10.1016_j.tcb.2021.01.010.txt
513,New insights on human essential genes based on integrated analysis and the construction of the HEGIAP web-based platform,https://doi.org/10.1093/bib/bbz072,abstract_downloaded,saved /Users/jlheller/home/Technical/repos/ModularitySurvey/db/abstracts/10.1093_bib_bbz072.txt
514,NLR network mediates immunity to diverse plant pathogens,https://doi.org/10.1073/pnas.1702041114,paper_downloaded,saved /Users/jlheller/home/Technical/repos/ModularitySurvey/db/papers/10.1073_pnas.1702041114.pdf
515,Nonlinear delay differential equations and their application to modeling biological network motifs,https://doi.org/10.1038/s41467-021-21700-8,paper_downloaded,saved /Users/jlheller/home/Technical/repos/ModularitySurvey/db/papers/10.1038_s41467-021-21700-8.pdf
516,NRF2 activates a partial epithelial-mesenchymal transition and is maximally present in a hybrid epithelial/mesenchymal phenotype,https://doi.org/10.1093/intbio/zyz021,abstract_downloaded,saved /Users/jlheller/home/Technical/repos/ModularitySurvey/db/abstracts/10.1093_intbio_zyz021.txt
517,Nucleoporin 153 links nuclear pore complex to chromatin architecture by mediating CTCF and cohesin binding,https://doi.org/10.1038/s41467-020-16394-3,paper_downloaded,saved /Users/jlheller/home/Technical/repos/ModularitySurvey/db/papers/10.1038_s41467-020-16394-3.pdf
518,Obstructions to Compositionality,https://doi.org/10.4204/EPTCS.397.14,paper_downloaded,saved /Users/jlheller/home/Technical/repos/ModularitySurvey/db/papers/10.4204_EPTCS.397.14.pdf
519,On the Clinical Pharmacology of Reactive Oxygen Species,https://doi.org/10.1124/pr.120.019422,abstract_downloaded,saved /Users/jlheller/home/Technical/repos/ModularitySurvey/db/abstracts/10.1124_pr.120.019422.txt
520,On the molecular mechanisms regulating animal cell size homeostasis,https://doi.org/10.1016/j.tig.2020.01.011,abstract_downloaded,saved /Users/jlheller/home/Technical/repos/ModularitySurvey/db/abstracts/10.1016_j.tig.2020.01.011.txt
521,OnTAD: hierarchical domain structure reveals the divergence of activity among TADs and boundaries,https://doi.org/10.1186/s13059-019-1893-y,paper_downloaded,saved /Users/jlheller/home/Technical/repos/ModularitySurvey/db/papers/10.1186_s13059-019-1893-y.pdf
522,Ontogenetic changes in the phenotypic integration and modularity of leaf functional traits,https://doi.org/10.1111/1365-2435.12971,abstract_downloaded,saved /Users/jlheller/home/Technical/repos/ModularitySurvey/db/abstracts/10.1111_1365-2435.12971.txt
523,Operating principles of tristable circuits regulating cellular differentiation,https://doi.org/10.1088/1478-3975/aa6f90,abstract_downloaded,saved /Users/jlheller/home/Technical/repos/ModularitySurvey/db/abstracts/10.1088_1478-3975_aa6f90.txt
524,Optimal Regulatory Circuit Topologies for Fold-Change Detection.,https://doi.org/10.1016/j.cels.2016.12.009,no_content_found,DOI resolves but no OA PDF or abstract was found
525,Organelle crosstalk in the kidney.,https://doi.org/10.1016/j.kint.2018.11.035,abstract_downloaded,saved /Users/jlheller/home/Technical/repos/ModularitySurvey/db/abstracts/10.1016_j.kint.2018.11.035.txt
526,"Ornithine Aminotransferase, an Important Glutamate-Metabolizing Enzyme at the Crossroads of Multiple Metabolic Pathways",https://doi.org/10.3390/biology6010018,abstract_downloaded,saved /Users/jlheller/home/Technical/repos/ModularitySurvey/db/abstracts/10.3390_biology6010018.txt
527,PaintOmics 4: new tools for the integrative analysis of multi-omics datasets supported by multiple pathway databases,https://doi.org/10.1093/nar/gkac352,abstract_downloaded,saved /Users/jlheller/home/Technical/repos/ModularitySurvey/db/abstracts/10.1093_nar_gkac352.txt
528,Panorama of ancient metazoan macromolecular complexes,https://doi.org/10.1038/nature14877,abstract_downloaded,saved /Users/jlheller/home/Technical/repos/ModularitySurvey/db/abstracts/10.1038_nature14877.txt
529,Paralog knockout profiling identifies DUSP4 and DUSP6 as a digenic dependence in MAPK pathway-driven cancers,https://doi.org/10.1038/s41588-021-00967-z,no_content_found,DOI resolves but no OA PDF or abstract was found
530,Pathway Analysis: State of the Art,https://doi.org/10.3389/fphys.2015.00383,paper_downloaded,saved /Users/jlheller/home/Technical/repos/ModularitySurvey/db/papers/10.3389_fphys.2015.00383.pdf
531,Pathway-based discovery of genetic interactions in breast cancer,https://doi.org/10.1371/journal.pgen.1006973,paper_downloaded,saved /Users/jlheller/home/Technical/repos/ModularitySurvey/db/papers/10.1371_journal.pgen.1006973.pdf
532,Pattern recognition in the nucleation kinetics of non-equilibrium self-assembly,https://doi.org/10.1038/s41586-023-06890-z,paper_downloaded,saved /Users/jlheller/home/Technical/repos/ModularitySurvey/db/papers/10.1038_s41586-023-06890-z.pdf
533,Pattern recognition of daily activity patterns using human mobility motifs and sequence analysis,https://doi.org/10.1016/J.TRC.2020.102796,abstract_downloaded,saved /Users/jlheller/home/Technical/repos/ModularitySurvey/db/abstracts/10.1016_J.TRC.2020.102796.txt
534,Patterns and mechanisms of diminishing returns from beneficial mutations,https://doi.org/10.1101/467944,paper_downloaded,saved /Users/jlheller/home/Technical/repos/ModularitySurvey/db/papers/10.1101_467944.pdf
535,PD-1/PD-L1 checkpoint blockade harnesses monocyte-derived macrophages to combat cognitive impairment in a tauopathy mouse model,https://doi.org/10.1038/s41467-019-08352-5,paper_downloaded,saved /Users/jlheller/home/Technical/repos/ModularitySurvey/db/papers/10.1038_s41467-019-08352-5.pdf
536,Perspectives on defining cell types in the brain,https://doi.org/10.1016/j.conb.2018.11.007,abstract_downloaded,saved /Users/jlheller/home/Technical/repos/ModularitySurvey/db/abstracts/10.1016_j.conb.2018.11.007.txt
537,Perturb-seq: Dissecting molecular circuits with scalable single cell RNA profiling of pooled genetic screens,https://doi.org/10.1016/j.cell.2016.11.038,abstract_downloaded,saved /Users/jlheller/home/Technical/repos/ModularitySurvey/db/abstracts/10.1016_j.cell.2016.11.038.txt
538,"Phylogenetic conservatism in skulls and evolutionary lability in limbs – morphological evolution across an ancient frog radiation is shaped by diet, locomotion and burrowing",https://doi.org/10.1186/s12862-017-0993-0,paper_downloaded,saved /Users/jlheller/home/Technical/repos/ModularitySurvey/db/papers/10.1186_s12862-017-0993-0.pdf
539,Phylogenomic analysis of gene co‐expression networks reveals the evolution of functional modules,https://doi.org/10.1111/tpj.13502,abstract_downloaded,saved /Users/jlheller/home/Technical/repos/ModularitySurvey/db/abstracts/10.1111_tpj.13502.txt
540,Plant developmental stage drives the differentiation in ecological role of the maize microbiome,https://doi.org/10.1186/s40168-021-01118-6,paper_downloaded,saved /Users/jlheller/home/Technical/repos/ModularitySurvey/db/papers/10.1186_s40168-021-01118-6.pdf
541,Positive Feedback Keeps Duration of Mitosis Temporally Insulated from Upstream Cell-Cycle Events,https://doi.org/10.1016/j.molcel.2016.09.018,abstract_downloaded,saved /Users/jlheller/home/Technical/repos/ModularitySurvey/db/abstracts/10.1016_j.molcel.2016.09.018.txt
542,Possible cooption of a VEGF-driven tubulogenesis program for biomineralization in echinoderms,https://doi.org/10.1073/pnas.1902126116,abstract_downloaded,saved /Users/jlheller/home/Technical/repos/ModularitySurvey/db/abstracts/10.1073_pnas.1902126116.txt
543,Potassium channel gain of function in epilepsy: an unresolved paradox,https://doi.org/10.1177/1073858418763752,abstract_downloaded,saved /Users/jlheller/home/Technical/repos/ModularitySurvey/db/abstracts/10.1177_1073858418763752.txt
544,Precise Editing at DNA Replication Forks Enables Multiplex Genome Engineering in Eukaryotes,https://doi.org/10.1016/j.cell.2017.10.034,abstract_downloaded,saved /Users/jlheller/home/Technical/repos/ModularitySurvey/db/abstracts/10.1016_j.cell.2017.10.034.txt
545,Predicting Citation Count of Scientists as a Link Prediction Problem,https://doi.org/10.1109/TCYB.2019.2900495,abstract_downloaded,saved /Users/jlheller/home/Technical/repos/ModularitySurvey/db/abstracts/10.1109_TCYB.2019.2900495.txt
546,Predicting future learning from baseline network architecture,https://doi.org/10.1016/j.neuroimage.2018.01.037,abstract_downloaded,saved /Users/jlheller/home/Technical/repos/ModularitySurvey/db/abstracts/10.1016_j.neuroimage.2018.01.037.txt
547,Predicting multicellular function through multi-layer tissue networks,https://doi.org/10.1093/bioinformatics/btx252,abstract_downloaded,saved /Users/jlheller/home/Technical/repos/ModularitySurvey/db/abstracts/10.1093_bioinformatics_btx252.txt
548,Predicting Perturbation Patterns from the Topology of Biological Networks,https://doi.org/10.1073/pnas.1720589115,abstract_downloaded,saved /Users/jlheller/home/Technical/repos/ModularitySurvey/db/abstracts/10.1073_pnas.1720589115.txt
549,Principles and Applications of Nucleic Acid Strand Displacement Reactions.,https://doi.org/10.1021/acs.chemrev.8b00580,abstract_downloaded,saved /Users/jlheller/home/Technical/repos/ModularitySurvey/db/abstracts/10.1021_acs.chemrev.8b00580.txt
550,Principles of dynamical modularity in biological regulatory networks,https://doi.org/10.1038/srep21957,paper_downloaded,saved /Users/jlheller/home/Technical/repos/ModularitySurvey/db/papers/10.1038_srep21957.pdf
551,Principles of dynamical modularity in biological regulatory networks,https://doi.org/10.1038/srep21957,paper_downloaded,already present
552,Probing Single Molecule Binding and Free Energy Profile with Plasmonic Imaging of Nanoparticles.,https://doi.org/10.1021/jacs.9b08405,abstract_downloaded,saved /Users/jlheller/home/Technical/repos/ModularitySurvey/db/abstracts/10.1021_jacs.9b08405.txt
553,Programming Escherichia coli to function as a digital display,https://doi.org/10.15252/msb.20199401,abstract_downloaded,saved /Users/jlheller/home/Technical/repos/ModularitySurvey/db/abstracts/10.15252_msb.20199401.txt
554,Protein complex scaffolding predicted as a prevalent function of long non-coding RNAs,https://doi.org/10.1093/nar/gkx1169,abstract_downloaded,saved /Users/jlheller/home/Technical/repos/ModularitySurvey/db/abstracts/10.1093_nar_gkx1169.txt
555,Protein complexes in cells by AI‐assisted structural proteomics,https://doi.org/10.15252/msb.202311544,abstract_downloaded,saved /Users/jlheller/home/Technical/repos/ModularitySurvey/db/abstracts/10.15252_msb.202311544.txt
556,Protein interaction landscapes revealed by advanced in vivo cross-linking–mass spectrometry,https://doi.org/10.1073/pnas.2023360118,abstract_downloaded,saved /Users/jlheller/home/Technical/repos/ModularitySurvey/db/abstracts/10.1073_pnas.2023360118.txt
557,Proteogenomic characterization of small cell lung cancer identifies biological insights and subtype-specific therapeutic strategies.,https://doi.org/10.1016/j.cell.2023.12.004,abstract_downloaded,saved /Users/jlheller/home/Technical/repos/ModularitySurvey/db/abstracts/10.1016_j.cell.2023.12.004.txt
558,Proteogenomic insights into the biology and treatment of HPV-negative head and neck squamous cell carcinoma.,https://doi.org/10.1016/j.ccell.2020.12.007,abstract_downloaded,saved /Users/jlheller/home/Technical/repos/ModularitySurvey/db/abstracts/10.1016_j.ccell.2020.12.007.txt
559,Proteogenomic markers of chemotherapy resistance and response in triple negative breast cancer,https://doi.org/10.1158/2159-8290.CD-22-0200,abstract_downloaded,saved /Users/jlheller/home/Technical/repos/ModularitySurvey/db/abstracts/10.1158_2159-8290.CD-22-0200.txt
560,Proteome Profiling Outperforms Transcriptome Profiling for Coexpression Based Gene Function Prediction,https://doi.org/10.1074/mcp.M116.060301,abstract_downloaded,saved /Users/jlheller/home/Technical/repos/ModularitySurvey/db/abstracts/10.1074_mcp.M116.060301.txt
561,Proteome-scale human interactomics,https://doi.org/10.1016/j.tibs.2017.02.006,abstract_downloaded,saved /Users/jlheller/home/Technical/repos/ModularitySurvey/db/abstracts/10.1016_j.tibs.2017.02.006.txt
562,Proteomic analyses reveal distinct chromatin-associated and soluble transcription factor complexes,https://doi.org/10.15252/msb.20145504,abstract_downloaded,saved /Users/jlheller/home/Technical/repos/ModularitySurvey/db/abstracts/10.15252_msb.20145504.txt
563,Quality and Diversity Optimization: A Unifying Modular Framework,https://doi.org/10.1109/TEVC.2017.2704781,abstract_downloaded,saved /Users/jlheller/home/Technical/repos/ModularitySurvey/db/abstracts/10.1109_TEVC.2017.2704781.txt
564,Quality-Diversity Optimization: a novel branch of stochastic optimization,https://doi.org/10.1007/978-3-030-66515-9_4,abstract_downloaded,saved /Users/jlheller/home/Technical/repos/ModularitySurvey/db/abstracts/10.1007_978-3-030-66515-9_4.txt
565,Quantitative affinity purification mass spectrometry: a versatile technology to study protein–protein interactions,https://doi.org/10.3389/fgene.2015.00237,paper_downloaded,saved /Users/jlheller/home/Technical/repos/ModularitySurvey/db/papers/10.3389_fgene.2015.00237.pdf
566,Quantitative cellular-resolution map of the oxytocin receptor in postnatally developing mouse brains,https://doi.org/10.1038/s41467-020-15659-1,paper_downloaded,saved /Users/jlheller/home/Technical/repos/ModularitySurvey/db/papers/10.1038_s41467-020-15659-1.pdf
567,Rab5 and Alsin regulate stress-activated cytoprotective signaling on mitochondria,https://doi.org/10.7554/eLife.32282,abstract_downloaded,saved /Users/jlheller/home/Technical/repos/ModularitySurvey/db/abstracts/10.7554_eLife.32282.txt
568,RACIPE: a computational tool for modeling gene regulatory circuits using randomization,https://doi.org/10.1186/s12918-018-0594-6,paper_downloaded,saved /Users/jlheller/home/Technical/repos/ModularitySurvey/db/papers/10.1186_s12918-018-0594-6.pdf
569,Rational engineering of synthetic microbial systems: From single cells to consortia,https://doi.org/10.1016/j.mib.2018.02.009,abstract_downloaded,saved /Users/jlheller/home/Technical/repos/ModularitySurvey/db/abstracts/10.1016_j.mib.2018.02.009.txt
570,Real-Time Imaging of Single-Molecule Enzyme Cascade Using a DNA Origami Raft.,https://doi.org/10.1021/jacs.7b09323,abstract_downloaded,saved /Users/jlheller/home/Technical/repos/ModularitySurvey/db/abstracts/10.1021_jacs.7b09323.txt
571,Receptor Level Mechanisms Are Required for Epidermal Growth Factor (EGF)-stimulated Extracellular Signal-regulated Kinase (ERK) Activity Pulses*,https://doi.org/10.1074/jbc.M115.662247,abstract_downloaded,saved /Users/jlheller/home/Technical/repos/ModularitySurvey/db/abstracts/10.1074_jbc.M115.662247.txt
572,"Receptor tyrosine kinases: Characterisation, mechanism of action and therapeutic interests for bone cancers",https://doi.org/10.1016/j.jbo.2015.01.001,abstract_downloaded,saved /Users/jlheller/home/Technical/repos/ModularitySurvey/db/abstracts/10.1016_j.jbo.2015.01.001.txt
573,Reciprocal Effects on Neurocognitive and Metabolic Phenotypes in Mouse Models of 16p11.2 Deletion and Duplication Syndromes,https://doi.org/10.1371/journal.pgen.1005709,paper_downloaded,saved /Users/jlheller/home/Technical/repos/ModularitySurvey/db/papers/10.1371_journal.pgen.1005709.pdf
574,Recruitment and inhibitory action of hippocampal axo-axonic cells during behavior,https://doi.org/10.1016/j.neuron.2021.09.033,abstract_downloaded,saved /Users/jlheller/home/Technical/repos/ModularitySurvey/db/abstracts/10.1016_j.neuron.2021.09.033.txt
575,Redesigning metabolism based on orthogonality principles,https://doi.org/10.1038/ncomms15188,paper_downloaded,saved /Users/jlheller/home/Technical/repos/ModularitySurvey/db/papers/10.1038_ncomms15188.pdf
576,Redox Systems Biology: Harnessing the Sentinels of the Cysteine Redoxome,https://doi.org/10.1089/ars.2019.7725,abstract_downloaded,saved /Users/jlheller/home/Technical/repos/ModularitySurvey/db/abstracts/10.1089_ars.2019.7725.txt
577,Redox-dependent gating of VDAC by mitoNEET,https://doi.org/10.1073/pnas.1908271116,abstract_downloaded,saved /Users/jlheller/home/Technical/repos/ModularitySurvey/db/abstracts/10.1073_pnas.1908271116.txt
578,"Redundancy, Feedback, and Robustness in the Arabidopsis thaliana BZR/BEH Gene Family",https://doi.org/10.3389/fgene.2018.00523,paper_downloaded,saved /Users/jlheller/home/Technical/repos/ModularitySurvey/db/papers/10.3389_fgene.2018.00523.pdf
579,Regulation of glycolysis by the hypoxia‐inducible factor (HIF): implications for cellular physiology,https://doi.org/10.1113/JP280572,abstract_downloaded,saved /Users/jlheller/home/Technical/repos/ModularitySurvey/db/abstracts/10.1113_JP280572.txt
580,Remediation of organic amendments on soil salinization: Focusing on the relationship between soil salts and microbial communities.,https://doi.org/10.1016/j.ecoenv.2022.113616,abstract_downloaded,saved /Users/jlheller/home/Technical/repos/ModularitySurvey/db/abstracts/10.1016_j.ecoenv.2022.113616.txt
581,Representing the Process of Inflammation as Key Events in Adverse Outcome Pathways.,https://doi.org/10.1093/toxsci/kfy047,abstract_downloaded,saved /Users/jlheller/home/Technical/repos/ModularitySurvey/db/abstracts/10.1093_toxsci_kfy047.txt
582,Resolving noise–control conflict by gene duplication,https://doi.org/10.1371/journal.pbio.3000289,abstract_downloaded,saved /Users/jlheller/home/Technical/repos/ModularitySurvey/db/abstracts/10.1371_journal.pbio.3000289.txt
583,Resource Competition Shapes the Response of Genetic Circuits,https://doi.org/10.1101/091306,abstract_downloaded,saved /Users/jlheller/home/Technical/repos/ModularitySurvey/db/abstracts/10.1101_091306.txt
584,Revealing modular organization in the yeast transcriptional network,https://doi.org/10.1038/ng941,no_content_found,DOI resolves but no OA PDF or abstract was found
585,Ribosome stalling during selenoprotein translation exposes a ferroptosis vulnerability,https://doi.org/10.1038/s41589-022-01033-3,abstract_downloaded,saved /Users/jlheller/home/Technical/repos/ModularitySurvey/db/abstracts/10.1038_s41589-022-01033-3.txt
586,RNAs competing for microRNAs mutually influence their fluctuations in a highly non-linear microRNA-dependent manner in single cells,https://doi.org/10.1186/s13059-017-1162-x,paper_downloaded,saved /Users/jlheller/home/Technical/repos/ModularitySurvey/db/papers/10.1186_s13059-017-1162-x.pdf
587,Robustness of trait connections across environmental gradients and growth forms,https://doi.org/10.1111/geb.12996,abstract_downloaded,saved /Users/jlheller/home/Technical/repos/ModularitySurvey/db/abstracts/10.1111_geb.12996.txt
588,SANA: simulated annealing far outperforms many other search algorithms for biological network alignment,https://doi.org/10.1093/bioinformatics/btx090,abstract_downloaded,saved /Users/jlheller/home/Technical/repos/ModularitySurvey/db/abstracts/10.1093_bioinformatics_btx090.txt
589,SARS-CoV-2 variants evolve convergent strategies to remodel the host response,https://doi.org/10.2139/ssrn.4319535,abstract_downloaded,saved /Users/jlheller/home/Technical/repos/ModularitySurvey/db/abstracts/10.2139_ssrn.4319535.txt
590,Scalable multiplex co-fractionation/mass spectrometry platform for accelerated protein interactome discovery,https://doi.org/10.1038/s41467-022-31809-z,paper_downloaded,saved /Users/jlheller/home/Technical/repos/ModularitySurvey/db/papers/10.1038_s41467-022-31809-z.pdf
591,scTenifoldKnk: An efficient virtual knockout tool for gene function predictions via single-cell gene regulatory network perturbation,https://doi.org/10.1016/j.patter.2022.100434,abstract_downloaded,saved /Users/jlheller/home/Technical/repos/ModularitySurvey/db/abstracts/10.1016_j.patter.2022.100434.txt
592,Seeing is Believing: Brain-Inspired Modular Training for Mechanistic Interpretability,https://doi.org/10.48550/arXiv.2305.08746,invalid_doi,DOI does not resolve via Crossref
593,Shape variation and modularity of skull and teeth in domesticated horses and wild equids,https://doi.org/10.1186/s12983-018-0258-9,paper_downloaded,saved /Users/jlheller/home/Technical/repos/ModularitySurvey/db/papers/10.1186_s12983-018-0258-9.pdf
594,Signaling pathway models as biomarkers: Patient-specific simulations of JNK activity predict the survival of neuroblastoma patients,https://doi.org/10.1126/scisignal.aab0990,abstract_downloaded,saved /Users/jlheller/home/Technical/repos/ModularitySurvey/db/abstracts/10.1126_scisignal.aab0990.txt
595,Signaling to and from the RNA Polymerase III Transcription and Processing Machinery,https://doi.org/10.1146/annurev-biochem-062917-012624,abstract_downloaded,saved /Users/jlheller/home/Technical/repos/ModularitySurvey/db/abstracts/10.1146_annurev-biochem-062917-012624.txt
596,Similar but different: distinct roles for KRAS and BRAF oncogenes in colorectal cancer development and therapy resistance,https://doi.org/10.18632/oncotarget.4750,paper_downloaded,saved /Users/jlheller/home/Technical/repos/ModularitySurvey/db/papers/10.18632_oncotarget.4750.pdf
597,Single-cell genomics and regulatory networks for 388 human brains,https://doi.org/10.1126/science.adi5199,abstract_downloaded,saved /Users/jlheller/home/Technical/repos/ModularitySurvey/db/abstracts/10.1126_science.adi5199.txt
598,Single-cell multiregion dissection of Alzheimer’s disease,https://doi.org/10.1038/s41586-024-07606-7,abstract_downloaded,saved /Users/jlheller/home/Technical/repos/ModularitySurvey/db/abstracts/10.1038_s41586-024-07606-7.txt
599,Sister DNA Entrapment between Juxtaposed Smc Heads and Kleisin of the Cohesin Complex,https://doi.org/10.1016/j.molcel.2019.05.023,abstract_downloaded,saved /Users/jlheller/home/Technical/repos/ModularitySurvey/db/abstracts/10.1016_j.molcel.2019.05.023.txt
600,Size control in mammalian cells involves modulation of both growth rate and cell cycle duration,https://doi.org/10.1038/s41467-018-05393-0,paper_downloaded,saved /Users/jlheller/home/Technical/repos/ModularitySurvey/db/papers/10.1038_s41467-018-05393-0.pdf
601,SkipGNN: predicting molecular interactions with skip-graph networks,https://doi.org/10.1038/s41598-020-77766-9,paper_downloaded,saved /Users/jlheller/home/Technical/repos/ModularitySurvey/db/papers/10.1038_s41598-020-77766-9.pdf
602,Sleep Regulation by Neurotensinergic Neurons in a Thalamo-Amygdala Circuit.,https://doi.org/10.1016/j.neuron.2019.05.015,abstract_downloaded,saved /Users/jlheller/home/Technical/repos/ModularitySurvey/db/abstracts/10.1016_j.neuron.2019.05.015.txt
603,SMC Complexes: Universal DNA Looping Machines with Distinct Regulators.,https://doi.org/10.1016/j.tig.2018.03.003,abstract_downloaded,saved /Users/jlheller/home/Technical/repos/ModularitySurvey/db/abstracts/10.1016_j.tig.2018.03.003.txt
604,"Sniffers, buzzers, toggles and blinkers: dynamics of regulatory and signaling pathways in the cell",https://doi.org/10.1016/s0955-0674(03)00017-6,no_content_found,DOI resolves but no OA PDF or abstract was found
605,"Sniffers, buzzers, toggles and blinkers: dynamics of regulatory and signaling pathways in the cell",https://doi.org/10.1016/S0955-0674(03)00017-6,no_content_found,DOI resolves but no OA PDF or abstract was found
606,Sociohydrology: Scientific Challenges in Addressing the Sustainable Development Goals,https://doi.org/10.1029/2018WR023901,abstract_downloaded,saved /Users/jlheller/home/Technical/repos/ModularitySurvey/db/abstracts/10.1029_2018WR023901.txt
607,Soil pH correlates with the co-occurrence and assemblage process of diazotrophic communities in rhizosphere and bulk soils of wheat fields,https://doi.org/10.1016/J.SOILBIO.2018.03.017,abstract_downloaded,saved /Users/jlheller/home/Technical/repos/ModularitySurvey/db/abstracts/10.1016_J.SOILBIO.2018.03.017.txt
608,Soil pH: a key edaphic factor regulating distribution and functions of bacterial community along vertical soil profiles in red soil of pomelo orchard,https://doi.org/10.1186/s12866-022-02452-x,paper_downloaded,saved /Users/jlheller/home/Technical/repos/ModularitySurvey/db/papers/10.1186_s12866-022-02452-x.pdf
609,Somatotopic organization and intensity dependence in driving distinct NPY-expressing sympathetic pathways by electroacupuncture,https://doi.org/10.1016/j.neuron.2020.07.015,abstract_downloaded,saved /Users/jlheller/home/Technical/repos/ModularitySurvey/db/abstracts/10.1016_j.neuron.2020.07.015.txt
610,Spatial and temporal signal processing and decision making by MAPK pathways,https://doi.org/10.1083/jcb.201609124,abstract_downloaded,saved /Users/jlheller/home/Technical/repos/ModularitySurvey/db/abstracts/10.1083_jcb.201609124.txt
611,Spatial Organization of Metabolic Enzyme Complexes in Cells,https://doi.org/10.1021/acs.biochem.7b00249,abstract_downloaded,saved /Users/jlheller/home/Technical/repos/ModularitySurvey/db/abstracts/10.1021_acs.biochem.7b00249.txt
612,Spectral Alignment of Graphs,https://doi.org/10.1109/TNSE.2019.2913233,paper_downloaded,saved /Users/jlheller/home/Technical/repos/ModularitySurvey/db/papers/10.1109_TNSE.2019.2913233.pdf
613,Statistical analysis of proteomics data: A review on feature selection.,https://doi.org/10.1016/j.jprot.2018.12.004,abstract_downloaded,saved /Users/jlheller/home/Technical/repos/ModularitySurvey/db/abstracts/10.1016_j.jprot.2018.12.004.txt
614,Statistical inference of assortative community structures,https://doi.org/10.1103/physrevresearch.2.043271,abstract_downloaded,saved /Users/jlheller/home/Technical/repos/ModularitySurvey/db/abstracts/10.1103_physrevresearch.2.043271.txt
615,Stochastic Simulation of Biomolecular Networks in Dynamic Environments,https://doi.org/10.1371/journal.pcbi.1004923,abstract_downloaded,saved /Users/jlheller/home/Technical/repos/ModularitySurvey/db/abstracts/10.1371_journal.pcbi.1004923.txt
616,"STRING v11: protein–protein association networks with increased coverage, supporting functional discovery in genome-wide experimental datasets",https://doi.org/10.1093/nar/gky1131,abstract_downloaded,saved /Users/jlheller/home/Technical/repos/ModularitySurvey/db/abstracts/10.1093_nar_gky1131.txt
617,Structural basis for Scc3-dependent cohesin recruitment to chromatin,https://doi.org/10.7554/eLife.38356,abstract_downloaded,saved /Users/jlheller/home/Technical/repos/ModularitySurvey/db/abstracts/10.7554_eLife.38356.txt
618,Structural Basis of an Asymmetric Condensin ATPase Cycle,https://doi.org/10.1016/j.molcel.2019.03.037,abstract_downloaded,saved /Users/jlheller/home/Technical/repos/ModularitySurvey/db/abstracts/10.1016_j.molcel.2019.03.037.txt
619,Structural Brain Network Characteristics Can Differentiate CIS from Early RRMS,https://doi.org/10.3389/fnins.2016.00014,paper_downloaded,saved /Users/jlheller/home/Technical/repos/ModularitySurvey/db/papers/10.3389_fnins.2016.00014.pdf
620,Structure and co-occurrence patterns in microbial communities under acute environmental stress reveal ecological factors fostering resilience,https://doi.org/10.1038/s41598-018-23931-0,paper_downloaded,saved /Users/jlheller/home/Technical/repos/ModularitySurvey/db/papers/10.1038_s41598-018-23931-0.pdf
621,"Structure, Function, and Regulation of the Hsp90 Machinery.",https://doi.org/10.1101/cshperspect.a034017,paper_downloaded,saved /Users/jlheller/home/Technical/repos/ModularitySurvey/db/papers/10.1101_cshperspect.a034017.pdf
622,Structured versus Decorated Cospans,https://doi.org/10.32408/compositionality-4-3,abstract_downloaded,saved /Users/jlheller/home/Technical/repos/ModularitySurvey/db/abstracts/10.32408_compositionality-4-3.txt
623,SubCellBarCode: Proteome-wide Mapping of Protein Localization and Relocalization.,https://doi.org/10.1016/j.molcel.2018.11.035,abstract_downloaded,saved /Users/jlheller/home/Technical/repos/ModularitySurvey/db/abstracts/10.1016_j.molcel.2018.11.035.txt
624,Survey of local and global biological network alignment: the need to reconcile the two sides of the same coin,https://doi.org/10.1093/bib/bbw132,abstract_downloaded,saved /Users/jlheller/home/Technical/repos/ModularitySurvey/db/abstracts/10.1093_bib_bbw132.txt
625,Switch-like Transitions Insulate Network Motifs to Modularize Biological Networks,https://doi.org/10.1016/j.cels.2016.06.010,abstract_downloaded,saved /Users/jlheller/home/Technical/repos/ModularitySurvey/db/abstracts/10.1016_j.cels.2016.06.010.txt
626,Synthetic biology and regulatory networks: where metabolic systems biology meets control engineering,https://doi.org/10.1098/rsif.2015.1046,abstract_downloaded,saved /Users/jlheller/home/Technical/repos/ModularitySurvey/db/abstracts/10.1098_rsif.2015.1046.txt
627,Synthetic living machines: A new window on life,https://doi.org/10.1016/j.isci.2021.102505,abstract_downloaded,saved /Users/jlheller/home/Technical/repos/ModularitySurvey/db/abstracts/10.1016_j.isci.2021.102505.txt
628,Synthetic neuromorphic computing in living cells,https://doi.org/10.1038/s41467-022-33288-8,paper_downloaded,saved /Users/jlheller/home/Technical/repos/ModularitySurvey/db/papers/10.1038_s41467-022-33288-8.pdf
629,Systematic discovery and perturbation of regulatory genes in human T cells reveals the architecture of immune networks,https://doi.org/10.1038/s41588-022-01106-y,paper_downloaded,saved /Users/jlheller/home/Technical/repos/ModularitySurvey/db/papers/10.1038_s41588-022-01106-y.pdf
630,Systems biology primer: the basic methods and approaches.,https://doi.org/10.1042/EBC20180003,abstract_downloaded,saved /Users/jlheller/home/Technical/repos/ModularitySurvey/db/abstracts/10.1042_EBC20180003.txt
631,Systems-based proteomics to resolve the biology of Alzheimer’s disease beyond amyloid and tau,https://doi.org/10.1038/s41386-020-00840-3,paper_downloaded,saved /Users/jlheller/home/Technical/repos/ModularitySurvey/db/papers/10.1038_s41386-020-00840-3.pdf
632,"Targeting ERK, an Achilles' Heel of the MAPK pathway, in cancer therapy",https://doi.org/10.1016/j.apsb.2018.01.008,abstract_downloaded,saved /Users/jlheller/home/Technical/repos/ModularitySurvey/db/abstracts/10.1016_j.apsb.2018.01.008.txt
633,Targeting MAPK Signaling in Cancer: Mechanisms of Drug Resistance and Sensitivity,https://doi.org/10.3390/ijms21031102,abstract_downloaded,saved /Users/jlheller/home/Technical/repos/ModularitySurvey/db/abstracts/10.3390_ijms21031102.txt
634,Targeting the RAS/RAF/MAPK pathway for cancer therapy: from mechanism to clinical studies,https://doi.org/10.1038/s41392-023-01705-z,paper_downloaded,saved /Users/jlheller/home/Technical/repos/ModularitySurvey/db/papers/10.1038_s41392-023-01705-z.pdf
635,"Tau reduction affects excitatory and inhibitory neurons differently, reduces excitation/inhibition ratios, and counteracts network hypersynchrony",https://doi.org/10.1016/j.celrep.2021.109855,abstract_downloaded,saved /Users/jlheller/home/Technical/repos/ModularitySurvey/db/abstracts/10.1016_j.celrep.2021.109855.txt
636,The Architecture of Complexity,https://doi.org/10.2307/985254,invalid_doi,DOI does not resolve via Crossref
637,The Architecture of Complexity,https://doi.org/10.2307/985254,invalid_doi,DOI does not resolve via Crossref
638,The Architecture of Complexity,https://doi.org/10.2307/985254,invalid_doi,DOI does not resolve via Crossref
639,The architecture of complexity,https://doi.org/10.2307/985254,invalid_doi,DOI does not resolve via Crossref
640,The Architecture of Complexity,https://doi.org/10.2307/985254,invalid_doi,DOI does not resolve via Crossref
641,The Aspartic Protease Ddi1 Contributes to DNA-Protein Crosslink Repair in Yeast,https://doi.org/10.1101/575860,abstract_downloaded,saved /Users/jlheller/home/Technical/repos/ModularitySurvey/db/abstracts/10.1101_575860.txt
642,"The BioGRID database: A comprehensive biomedical resource of curated protein, genetic, and chemical interactions",https://doi.org/10.1002/pro.3978,abstract_downloaded,saved /Users/jlheller/home/Technical/repos/ModularitySurvey/db/abstracts/10.1002_pro.3978.txt
643,The BioGRID interaction database: 2019 update,https://doi.org/10.1093/nar/gky1079,abstract_downloaded,saved /Users/jlheller/home/Technical/repos/ModularitySurvey/db/abstracts/10.1093_nar_gky1079.txt
644,"The Biological Hierarchy, Time, and Temporal 'Omics in Evolutionary Biology: A Perspective",https://doi.org/10.1093/icb/icac138,abstract_downloaded,saved /Users/jlheller/home/Technical/repos/ModularitySurvey/db/abstracts/10.1093_icb_icac138.txt
645,The BioPlex Network: A Systematic Exploration of the Human Interactome,https://doi.org/10.1016/j.cell.2015.06.043,abstract_downloaded,saved /Users/jlheller/home/Technical/repos/ModularitySurvey/db/abstracts/10.1016_j.cell.2015.06.043.txt
646,The Causes and Consequences of Genetic Interactions (Epistasis).,https://doi.org/10.1146/annurev-genom-083118-014857,abstract_downloaded,saved /Users/jlheller/home/Technical/repos/ModularitySurvey/db/abstracts/10.1146_annurev-genom-083118-014857.txt
647,The Centrosome and the Primary Cilium: The Yin and Yang of a Hybrid Organelle,https://doi.org/10.3390/cells8070701,abstract_downloaded,saved /Users/jlheller/home/Technical/repos/ModularitySurvey/db/abstracts/10.3390_cells8070701.txt
648,The Chaperonin TRiC/CCT Associates with Prefoldin through a Conserved Electrostatic Interface Essential for Cellular Proteostasis.,https://doi.org/10.1016/j.cell.2019.03.012,abstract_downloaded,saved /Users/jlheller/home/Technical/repos/ModularitySurvey/db/abstracts/10.1016_j.cell.2019.03.012.txt
649,The connectome of an insect brain,https://doi.org/10.1126/science.add9330,paper_downloaded,saved /Users/jlheller/home/Technical/repos/ModularitySurvey/db/papers/10.1126_science.add9330.pdf
650,"The context-dependent, combinatorial logic of BMP signaling",https://doi.org/10.1101/2020.12.08.416503,abstract_downloaded,saved /Users/jlheller/home/Technical/repos/ModularitySurvey/db/abstracts/10.1101_2020.12.08.416503.txt
651,The Coordination of Pathways in Metazoans: An Integrated Framework,https://doi.org/10.1007/s13752-025-00498-4,no_content_found,DOI resolves but no OA PDF or abstract was found
652,The diversity and co-occurrence network of soil bacterial and fungal communities and their implications for a new indicator of grassland degradation,https://doi.org/10.1016/J.ECOLIND.2021.107989,abstract_downloaded,saved /Users/jlheller/home/Technical/repos/ModularitySurvey/db/abstracts/10.1016_J.ECOLIND.2021.107989.txt
653,The dynamic control of signal transduction networks in cancer cells,https://doi.org/10.1038/nrc3983,no_content_found,DOI resolves but no OA PDF or abstract was found
654,The Dynamics of Conjunctive and Disjunctive Boolean Network Models,https://doi.org/10.1007/s11538-010-9501-z,no_content_found,DOI resolves but no OA PDF or abstract was found
655,The Dynamics of Conjunctive and Disjunctive Boolean Network Models,https://doi.org/10.1007/s11538-010-9501-z,no_content_found,DOI resolves but no OA PDF or abstract was found
656,The EcoCyc Database (2023),https://doi.org/10.1128/ecosalplus.esp-0002-2023,paper_downloaded,saved /Users/jlheller/home/Technical/repos/ModularitySurvey/db/papers/10.1128_ecosalplus.esp-0002-2023.pdf
657,The EGFR-HER2 module: a stem cell approach to understanding a prime target and driver of solid tumors,https://doi.org/10.1038/onc.2015.372,paper_downloaded,saved /Users/jlheller/home/Technical/repos/ModularitySurvey/db/papers/10.1038_onc.2015.372.pdf
658,The evolution of hybrid fitness during speciation,https://doi.org/10.1371/journal.pgen.1008125,abstract_downloaded,saved /Users/jlheller/home/Technical/repos/ModularitySurvey/db/abstracts/10.1371_journal.pgen.1008125.txt
659,The Evolutionary Assembly of Neuronal Machinery.,https://doi.org/10.1016/j.cub.2020.04.008,abstract_downloaded,saved /Users/jlheller/home/Technical/repos/ModularitySurvey/db/abstracts/10.1016_j.cub.2020.04.008.txt
660,The Evolutionary Origins of Hierarchy,https://doi.org/10.1371/journal.pcbi.1004829,paper_downloaded,saved /Users/jlheller/home/Technical/repos/ModularitySurvey/db/papers/10.1371_journal.pcbi.1004829.pdf
661,The Evolutionary Origins of Modularity,https://doi.org/10.1098/rspb.2012.2863,abstract_downloaded,already present
662,The exposome and health: where chemistry meets biology,https://doi.org/10.1126/science.aay3164,abstract_downloaded,saved /Users/jlheller/home/Technical/repos/ModularitySurvey/db/abstracts/10.1126_science.aay3164.txt
663,THE FUNCTION AND REGULATION OF ZINC IN THE BRAIN,https://doi.org/10.1016/j.neuroscience.2021.01.010,abstract_downloaded,saved /Users/jlheller/home/Technical/repos/ModularitySurvey/db/abstracts/10.1016_j.neuroscience.2021.01.010.txt
664,The functional interactome of GSTP: A regulatory biomolecular network at the interface with the Nrf2 adaption response to oxidative stress.,https://doi.org/10.1016/j.jchromb.2016.02.002,no_content_found,DOI resolves but no OA PDF or abstract was found
665,The functional proteome landscape of Escherichia coli,https://doi.org/10.1038/s41586-020-3002-5,abstract_downloaded,saved /Users/jlheller/home/Technical/repos/ModularitySurvey/db/abstracts/10.1038_s41586-020-3002-5.txt
666,The GATOR–Rag GTPase pathway inhibits mTORC1 activation by lysosome-derived amino acids,https://doi.org/10.1126/science.aaz0863,abstract_downloaded,saved /Users/jlheller/home/Technical/repos/ModularitySurvey/db/abstracts/10.1126_science.aaz0863.txt
667,The harmonizome: a collection of processed datasets gathered to serve and mine knowledge about genes and proteins,https://doi.org/10.1093/database/baw100,abstract_downloaded,saved /Users/jlheller/home/Technical/repos/ModularitySurvey/db/abstracts/10.1093_database_baw100.txt
668,The Impact of Pathway Database Choice on Statistical Enrichment Analysis and Predictive Modeling,https://doi.org/10.3389/fgene.2019.01203,abstract_downloaded,saved /Users/jlheller/home/Technical/repos/ModularitySurvey/db/abstracts/10.3389_fgene.2019.01203.txt
669,"The KRASG12C Inhibitor, MRTX849, Provides Insight Toward Therapeutic Susceptibility of KRAS Mutant Cancers in Mouse Models and Patients",https://doi.org/10.1158/2159-8290.CD-19-1167,abstract_downloaded,saved /Users/jlheller/home/Technical/repos/ModularitySurvey/db/abstracts/10.1158_2159-8290.CD-19-1167.txt
670,The Local Closure Coefficient: A New Perspective On Network Clustering,https://doi.org/10.1145/3289600.3290991,doi_title_mismatch,Crossref title: 'The Local Closure Coefficient' | saved /Users/jlheller/home/Technical/repos/ModularitySurvey/db/abstracts/10.1145_3289600.3290991.txt
671,The modular and integrative functional architecture of the human brain,https://doi.org/10.1073/pnas.1510619112,abstract_downloaded,saved /Users/jlheller/home/Technical/repos/ModularitySurvey/db/abstracts/10.1073_pnas.1510619112.txt
672,The MRPP1/MRPP2 complex is a tRNA-maturation platform in human mitochondria,https://doi.org/10.1093/nar/gkx902,abstract_downloaded,saved /Users/jlheller/home/Technical/repos/ModularitySurvey/db/abstracts/10.1093_nar_gkx902.txt
673,The Origins and Evolution of Functional Modules: Lessons from Protein Complexes,https://doi.org/10.1098/rstb.2005.1807,abstract_downloaded,saved /Users/jlheller/home/Technical/repos/ModularitySurvey/db/abstracts/10.1098_rstb.2005.1807.txt
674,The phenotypic landscape of essential human genes,https://doi.org/10.1101/2021.11.28.470116,abstract_downloaded,saved /Users/jlheller/home/Technical/repos/ModularitySurvey/db/abstracts/10.1101_2021.11.28.470116.txt
675,The Polygenic and Monogenic Basis of Blood Traits and Diseases,https://doi.org/10.1101/2020.02.02.20020065,paper_downloaded,saved /Users/jlheller/home/Technical/repos/ModularitySurvey/db/papers/10.1101_2020.02.02.20020065.pdf
676,The Predictive and Prognostic Role of RAS–RAF–MEK–ERK Pathway Alterations in Breast Cancer: Revision of the Literature and Comparison with the Analysis of Cancer Genomic Datasets,https://doi.org/10.3390/cancers14215306,abstract_downloaded,saved /Users/jlheller/home/Technical/repos/ModularitySurvey/db/abstracts/10.3390_cancers14215306.txt
677,The protein organization of a red blood cell,https://doi.org/10.1101/2021.12.10.472004,abstract_downloaded,saved /Users/jlheller/home/Technical/repos/ModularitySurvey/db/abstracts/10.1101_2021.12.10.472004.txt
678,The proteomic landscape of genome-wide genetic perturbations,https://doi.org/10.1016/j.cell.2023.03.026,abstract_downloaded,saved /Users/jlheller/home/Technical/repos/ModularitySurvey/db/abstracts/10.1016_j.cell.2023.03.026.txt
679,The Rcs System in Enterobacteriaceae: Envelope Stress Responses and Virulence Regulation,https://doi.org/10.3389/fmicb.2021.627104,paper_downloaded,saved /Users/jlheller/home/Technical/repos/ModularitySurvey/db/papers/10.3389_fmicb.2021.627104.pdf
680,The Road to Modularity,https://doi.org/10.1038/nrg2267,no_content_found,DOI resolves but no OA PDF or abstract was found
681,"The STRING database in 2017: quality-controlled protein–protein association networks, made broadly accessible",https://doi.org/10.1093/nar/gkw937,abstract_downloaded,saved /Users/jlheller/home/Technical/repos/ModularitySurvey/db/abstracts/10.1093_nar_gkw937.txt
682,The structural basis for cohesin-CTCF anchored loops,https://doi.org/10.1038/s41586-019-1910-z,abstract_downloaded,saved /Users/jlheller/home/Technical/repos/ModularitySurvey/db/abstracts/10.1038_s41586-019-1910-z.txt
683,The Structure and Function of Complex Networks,https://doi.org/10.1137/S003614450342480,paper_downloaded,saved /Users/jlheller/home/Technical/repos/ModularitySurvey/db/papers/10.1137_S003614450342480.pdf
684,"The structure, dynamics, and vulnerability of the global food trade network",https://doi.org/10.1016/j.jclepro.2023.140439,no_content_found,DOI resolves but no OA PDF or abstract was found
685,The Surprising Creativity of Digital Evolution: A Collection of Anecdotes from the Evolutionary Computation and Artificial Life Research Communities,https://doi.org/10.1162/artl_a_00319,abstract_downloaded,saved /Users/jlheller/home/Technical/repos/ModularitySurvey/db/abstracts/10.1162_artl_a_00319.txt
686,The topological requirements for robust perfect adaptation in networks of any size,https://doi.org/10.1038/s41467-018-04151-6,paper_downloaded,saved /Users/jlheller/home/Technical/repos/ModularitySurvey/db/papers/10.1038_s41467-018-04151-6.pdf
687,The tumor microenvironment shows a hierarchy of cell-cell interactions dominated by fibroblasts,https://doi.org/10.1038/s41467-023-41518-w,paper_downloaded,saved /Users/jlheller/home/Technical/repos/ModularitySurvey/db/papers/10.1038_s41467-023-41518-w.pdf
688,The use of functional and effective connectivity techniques to understand the developing brain,https://doi.org/10.1016/j.dcn.2015.01.011,abstract_downloaded,saved /Users/jlheller/home/Technical/repos/ModularitySurvey/db/abstracts/10.1016_j.dcn.2015.01.011.txt
689,The VRNetzer platform enables interactive network analysis in Virtual Reality,https://doi.org/10.1038/s41467-021-22570-w,paper_downloaded,saved /Users/jlheller/home/Technical/repos/ModularitySurvey/db/papers/10.1038_s41467-021-22570-w.pdf
690,Therapeutic role of flavonoids and flavones in cancer prevention: Current trends and future perspectives,https://doi.org/10.1016/j.ejmcr.2021.100010,abstract_downloaded,saved /Users/jlheller/home/Technical/repos/ModularitySurvey/db/abstracts/10.1016_j.ejmcr.2021.100010.txt
691,Thermodynamics of computing with circuits,https://doi.org/10.1088/1367-2630/ab82b8,abstract_downloaded,saved /Users/jlheller/home/Technical/repos/ModularitySurvey/db/abstracts/10.1088_1367-2630_ab82b8.txt
692,Three-dimensional intact-tissue sequencing of single-cell transcriptional states,https://doi.org/10.1126/science.aat5691,paper_downloaded,saved /Users/jlheller/home/Technical/repos/ModularitySurvey/db/papers/10.1126_science.aat5691.pdf
693,Tipping the Scales: Peptide-Dependent Dysregulation of Neural Circuit Dynamics in Alzheimer's Disease.,https://doi.org/10.1016/j.neuron.2020.06.005,abstract_downloaded,saved /Users/jlheller/home/Technical/repos/ModularitySurvey/db/abstracts/10.1016_j.neuron.2020.06.005.txt
694,TMEM164 is an acyltransferase that forms ferroptotic C20:4 ether phospholipids,https://doi.org/10.1038/s41589-022-01253-7,paper_downloaded,saved /Users/jlheller/home/Technical/repos/ModularitySurvey/db/papers/10.1038_s41589-022-01253-7.pdf
695,Tools and Principles for Microbial Gene Circuit Engineering.,https://doi.org/10.1016/j.jmb.2015.10.004,abstract_downloaded,saved /Users/jlheller/home/Technical/repos/ModularitySurvey/db/abstracts/10.1016_j.jmb.2015.10.004.txt
696,Topological Filtering of Dynamic Functional Brain Networks Unfolds Informative Chronnectomics: A Novel Data-Driven Thresholding Scheme Based on Orthogonal Minimal Spanning Trees (OMSTs),https://doi.org/10.3389/fninf.2017.00028,paper_downloaded,saved /Users/jlheller/home/Technical/repos/ModularitySurvey/db/papers/10.3389_fninf.2017.00028.pdf
697,Towards a unified Model of SMC Complex Function,https://doi.org/10.1016/j.cub.2018.08.034,abstract_downloaded,saved /Users/jlheller/home/Technical/repos/ModularitySurvey/db/abstracts/10.1016_j.cub.2018.08.034.txt
698,"Towards elucidating the stability, dynamics and architecture of the nucleosome remodeling and deacetylase complex by using quantitative interaction proteomics",https://doi.org/10.1111/febs.12972,abstract_downloaded,saved /Users/jlheller/home/Technical/repos/ModularitySurvey/db/abstracts/10.1111_febs.12972.txt
699,Tracing information flow from Erk to target gene induction reveals mechanisms of dynamic and combinatorial control,https://doi.org/10.1016/j.molcel.2017.07.016,abstract_downloaded,saved /Users/jlheller/home/Technical/repos/ModularitySurvey/db/abstracts/10.1016_j.molcel.2017.07.016.txt
700,Traditional Chinese medicine as a cancer treatment: Modern perspectives of ancient but advanced science,https://doi.org/10.1002/cam4.2108,abstract_downloaded,saved /Users/jlheller/home/Technical/repos/ModularitySurvey/db/abstracts/10.1002_cam4.2108.txt
701,Trait multi-functionality in plant stress response.,https://doi.org/10.1093/icb/icz152,abstract_downloaded,saved /Users/jlheller/home/Technical/repos/ModularitySurvey/db/abstracts/10.1093_icb_icz152.txt
702,Trans-Synaptic Signaling through the Glutamate Receptor Delta-1 Mediates Inhibitory Synapse Formation in Cortical Pyramidal Neurons,https://doi.org/10.1016/j.neuron.2019.09.027,abstract_downloaded,saved /Users/jlheller/home/Technical/repos/ModularitySurvey/db/abstracts/10.1016_j.neuron.2019.09.027.txt
703,Transcription Factors FHY3 and FAR1 Regulate Light-Induced CIRCADIAN CLOCK ASSOCIATED1 Gene Expression in Arabidopsis,https://doi.org/10.1105/tpc.19.00981,abstract_downloaded,saved /Users/jlheller/home/Technical/repos/ModularitySurvey/db/abstracts/10.1105_tpc.19.00981.txt
704,Transcriptional and metabolic rewiring of colorectal cancer cells expressing the oncogenic KRASG13D mutation,https://doi.org/10.1038/s41416-019-0477-7,paper_downloaded,saved /Users/jlheller/home/Technical/repos/ModularitySurvey/db/papers/10.1038_s41416-019-0477-7.pdf
705,Transcriptional Architecture of Synaptic Communication Delineates GABAergic Neuron Identity,https://doi.org/10.1016/j.cell.2017.08.032,abstract_downloaded,saved /Users/jlheller/home/Technical/repos/ModularitySurvey/db/abstracts/10.1016_j.cell.2017.08.032.txt
706,Transcriptional regulatory framework for vascular cambium development in Arabidopsis roots,https://doi.org/10.1038/s41477-019-0522-9,abstract_downloaded,saved /Users/jlheller/home/Technical/repos/ModularitySurvey/db/abstracts/10.1038_s41477-019-0522-9.txt
707,Transcriptome and DNA Methylome Analysis in a Mouse Model of Diet-Induced Obesity Predicts Increased Risk of Colorectal Cancer,https://doi.org/10.1016/j.celrep.2017.12.071,abstract_downloaded,saved /Users/jlheller/home/Technical/repos/ModularitySurvey/db/abstracts/10.1016_j.celrep.2017.12.071.txt
708,Transition of the functional brain network related to increasing cognitive demands,https://doi.org/10.1002/hbm.23621,abstract_downloaded,saved /Users/jlheller/home/Technical/repos/ModularitySurvey/db/abstracts/10.1002_hbm.23621.txt
709,Transketolase (TKT) activity and nuclear localization promote hepatocellular carcinoma in a metabolic and a non-metabolic manner,https://doi.org/10.1186/s13046-019-1131-1,paper_downloaded,saved /Users/jlheller/home/Technical/repos/ModularitySurvey/db/papers/10.1186_s13046-019-1131-1.pdf
710,Triangular Alignment (TAME): A Tensor-Based Approach for Higher-Order Network Alignment,https://doi.org/10.1109/TCBB.2016.2595583,paper_downloaded,saved /Users/jlheller/home/Technical/repos/ModularitySurvey/db/papers/10.1109_TCBB.2016.2595583.pdf
711,Tricalbins Contribute to Cellular Lipid Flux and Form Curved ER-PM Contacts that Are Bridged by Rod-Shaped Structures,https://doi.org/10.1016/j.devcel.2019.09.019,abstract_downloaded,saved /Users/jlheller/home/Technical/repos/ModularitySurvey/db/abstracts/10.1016_j.devcel.2019.09.019.txt
712,Triclosan Exposure Is Associated with Rapid Restructuring of the Microbiome in Adult Zebrafish,https://doi.org/10.1371/journal.pone.0154632,paper_downloaded,saved /Users/jlheller/home/Technical/repos/ModularitySurvey/db/papers/10.1371_journal.pone.0154632.pdf
713,Tristetraprolin expression by keratinocytes controls local and systemic inflammation.,https://doi.org/10.1172/jci.insight.92979,paper_downloaded,saved /Users/jlheller/home/Technical/repos/ModularitySurvey/db/papers/10.1172_jci.insight.92979.pdf
714,TRRUST: a reference database of human transcriptional regulatory interactions,https://doi.org/10.1038/srep11432,paper_downloaded,saved /Users/jlheller/home/Technical/repos/ModularitySurvey/db/papers/10.1038_srep11432.pdf
715,Tumor Immune Microenvironment in Head and Neck Cancers,https://doi.org/10.1002/mc.23162,abstract_downloaded,saved /Users/jlheller/home/Technical/repos/ModularitySurvey/db/abstracts/10.1002_mc.23162.txt
716,Tumor microbiome links cellular programs and immunity in pancreatic cancer,https://doi.org/10.1016/j.ccell.2022.09.009,abstract_downloaded,saved /Users/jlheller/home/Technical/repos/ModularitySurvey/db/abstracts/10.1016_j.ccell.2022.09.009.txt
717,Understanding Human-Virus Protein-Protein Interactions Using a Human Protein Complex-Based Analysis Framework,https://doi.org/10.1128/mSystems.00303-18,abstract_downloaded,saved /Users/jlheller/home/Technical/repos/ModularitySurvey/db/abstracts/10.1128_mSystems.00303-18.txt
718,Unique Variable Analysis: A Network Psychometrics Method to Detect Local Dependence,https://doi.org/10.1080/00273171.2023.2194606,abstract_downloaded,saved /Users/jlheller/home/Technical/repos/ModularitySurvey/db/abstracts/10.1080_00273171.2023.2194606.txt
719,"Unravelling intravertebral integration, modularity and disparity in Felidae (Mammalia)",https://doi.org/10.1111/ede.12218,abstract_downloaded,saved /Users/jlheller/home/Technical/repos/ModularitySurvey/db/abstracts/10.1111_ede.12218.txt
720,Untangling the roles of TOP2A and TOP2B in transcription and cancer,https://doi.org/10.1126/sciadv.add4920,abstract_downloaded,saved /Users/jlheller/home/Technical/repos/ModularitySurvey/db/abstracts/10.1126_sciadv.add4920.txt
721,"Update on BRAF and MEK inhibition for treatment of melanoma in metastatic, unresectable, and adjuvant settings",https://doi.org/10.1080/14740338.2019.1607289,abstract_downloaded,saved /Users/jlheller/home/Technical/repos/ModularitySurvey/db/abstracts/10.1080_14740338.2019.1607289.txt
722,"Using biological networks to integrate, visualize and analyze genomics data",https://doi.org/10.1186/s12711-016-0205-1,paper_downloaded,saved /Users/jlheller/home/Technical/repos/ModularitySurvey/db/papers/10.1186_s12711-016-0205-1.pdf
723,Using Centroidal Voronoi Tessellations to Scale Up the Multidimensional Archive of Phenotypic Elites Algorithm,https://doi.org/10.1109/TEVC.2017.2735550,abstract_downloaded,saved /Users/jlheller/home/Technical/repos/ModularitySurvey/db/abstracts/10.1109_TEVC.2017.2735550.txt
724,Using deep learning to model the hierarchical structure and function of a cell,https://doi.org/10.1038/nmeth.4627,abstract_downloaded,saved /Users/jlheller/home/Technical/repos/ModularitySurvey/db/abstracts/10.1038_nmeth.4627.txt
725,Using RNA as Molecular Code for Programming Cellular Function.,https://doi.org/10.1021/acssynbio.5b00297,abstract_downloaded,saved /Users/jlheller/home/Technical/repos/ModularitySurvey/db/abstracts/10.1021_acssynbio.5b00297.txt
726,Vasoactive intestinal peptide-expressing interneurons are impaired in a mouse model of Dravet syndrome,https://doi.org/10.7554/eLife.46846,abstract_downloaded,saved /Users/jlheller/home/Technical/repos/ModularitySurvey/db/abstracts/10.7554_eLife.46846.txt
727,Versatile System Cores as a Conceptual Basis for Generality in Cell and Developmental Biology,https://doi.org/10.1016/j.cels.2024.08.001,abstract_downloaded,saved /Users/jlheller/home/Technical/repos/ModularitySurvey/db/abstracts/10.1016_j.cels.2024.08.001.txt
728,Vital node identification in hypergraphs via gravity model,https://doi.org/10.48550/arXiv.2208.04625,invalid_doi,DOI does not resolve via Crossref
729,"WebGestalt 2017: a more comprehensive, powerful, flexible and interactive gene set enrichment analysis toolkit",https://doi.org/10.1093/nar/gkx356,abstract_downloaded,saved /Users/jlheller/home/Technical/repos/ModularitySurvey/db/abstracts/10.1093_nar_gkx356.txt
730,WebGestalt 2024: faster gene set analysis and new support for metabolomics and multi-omics,https://doi.org/10.1093/nar/gkae456,abstract_downloaded,saved /Users/jlheller/home/Technical/repos/ModularitySurvey/db/abstracts/10.1093_nar_gkae456.txt
731,Weighted General Group Lasso for Gene Selection in Cancer Classification,https://doi.org/10.1109/TCYB.2018.2829811,abstract_downloaded,saved /Users/jlheller/home/Technical/repos/ModularitySurvey/db/abstracts/10.1109_TCYB.2018.2829811.txt
732,What does modularity mean?,https://doi.org/10.1111/ede.12390,abstract_downloaded,saved /Users/jlheller/home/Technical/repos/ModularitySurvey/db/abstracts/10.1111_ede.12390.txt
733,What does modularity mean?,https://doi.org/10.1111/ede.12390,abstract_downloaded,already present
734,What Is Stress? A Systems Perspective.,https://doi.org/10.1093/icb/icy114,abstract_downloaded,saved /Users/jlheller/home/Technical/repos/ModularitySurvey/db/abstracts/10.1093_icb_icy114.txt
735,Wheat rhizosphere harbors a less complex and more stable microbial co-occurrence pattern than bulk soil,https://doi.org/10.1016/J.SOILBIO.2018.07.022,abstract_downloaded,saved /Users/jlheller/home/Technical/repos/ModularitySurvey/db/abstracts/10.1016_J.SOILBIO.2018.07.022.txt
736,XGNN: Towards Model-Level Explanations of Graph Neural Networks,https://doi.org/10.1145/3394486.3403085,abstract_downloaded,saved /Users/jlheller/home/Technical/repos/ModularitySurvey/db/abstracts/10.1145_3394486.3403085.txt
737,Zc3h13 regulates nuclear RNA m6A methylation and mouse embryonic stem cell self-renewal,https://doi.org/10.1016/j.molcel.2018.02.015,abstract_downloaded,saved /Users/jlheller/home/Technical/repos/ModularitySurvey/db/abstracts/10.1016_j.molcel.2018.02.015.txt
738,Zc3h13/Flacc is required for adenosine methylation by bridging the mRNA-binding factor Rbm15/Spenito to the m6A machinery component Wtap/Fl(2)d,https://doi.org/10.1101/gad.309146.117,abstract_downloaded,saved /Users/jlheller/home/Technical/repos/ModularitySurvey/db/abstracts/10.1101_gad.309146.117.txt
739,ZMYND8 Co-localizes with NuRD on Target Genes and Regulates Poly(ADP-Ribose)-Dependent Recruitment of GATAD2A/NuRD to Sites of DNA Damage.,https://doi.org/10.1016/j.celrep.2016.09.037,abstract_downloaded,saved /Users/jlheller/home/Technical/repos/ModularitySurvey/db/abstracts/10.1016_j.celrep.2016.09.037.txt
740,"ZO-2 Is a Master Regulator of Gene Expression, Cell Proliferation, Cytoarchitecture, and Cell Size",https://doi.org/10.3390/ijms20174128,abstract_downloaded,saved /Users/jlheller/home/Technical/repos/ModularitySurvey/db/abstracts/10.3390_ijms20174128.txt
