title,authors,pdf_url
Biomimetic Supramolecular Polymer Networks Exhibiting both Toughness and Self‐Recovery,"Ji Liu, C. S. Y. Tan, Ziyi Yu, Y. Lan, C. Abell, O. Scherman",https://doi.org/10.17863/cam.23699
Design Patterns of Biological Cells,"Steven S. Andrews, H. Steven Wiley, Herbert M. Sauro",https://onlinelibrary.wiley.com/doi/pdfdirect/10.1002/bies.202300188
Traditional Chinese medicine as a cancer treatment: Modern perspectives of ancient but advanced science,"Y. Xiang, Zimu Guo, Pengfei Zhu, Jia Chen, Yongye Huang",https://onlinelibrary.wiley.com/doi/pdfdirect/10.1002/cam4.2108
Modular‐level alterations of structure–function coupling in schizophrenia connectome,"Yu Sun, Zhongxiang Dai, Junhua Li, S. Collinson, K. Sim",https://www.ncbi.nlm.nih.gov/pmc/articles/6867028
Transition of the functional brain network related to increasing cognitive demands,"Karolina Finc, Kamil Bonna, M. Lewandowska, T. Wolak, Jan Nikadon, J. Dreszer, Wlodzislaw Duch, S. Kühn",http://hdl.handle.net/11858/00-001M-0000-002D-88EA-3
Identification of synthetic lethality based on a functional network by using machine learning algorithms,"Jiarui Li, Lin Lu, Yuhang Zhang, Min Liu, Lei Chen, Tao Huang, Yu-Dong Cai",
Discovering cellular protein-protein interactions: Technological strategies and opportunities.,"Kevin Titeca, I. Lemmens, J. Tavernier, S. Eyckerman",https://onlinelibrary.wiley.com/doi/pdfdirect/10.1002/mas.21574
Tumor Immune Microenvironment in Head and Neck Cancers,"Samantha M. Y. Chen, Alexandra L. Krinsky, Rachel A. Woolaver, Xiaoguang Wang, Zhangguo Chen, Jing H. Wang",https://www.ncbi.nlm.nih.gov/pmc/articles/7282929
DeepFunc: A Deep Learning Framework for Accurate Prediction of Protein Functions from Protein Sequences and Interactions,"Fuhao Zhang, Hong Song, Min Zeng, Yaohang Li, Lukasz Kurgan, Min Li",
"The BioGRID database: A comprehensive biomedical resource of curated protein, genetic, and chemical interactions","R. Oughtred, J. Rust, Christie S. Chang, Bobby-Joe Breitkreutz, Chris Stark, A. Willems, Lorrie Boucher, Genie Leung, Nadine Kolas, Frederick Zhang, Sonam Dolma, J. Coulombe-Huntington, A. Chatr-aryamontri, K. Dolinski, M. Tyers",https://onlinelibrary.wiley.com/doi/pdfdirect/10.1002/pro.3978
Molecular Networks in Network Medicine: Development and Applications,"E. Silverman, Harald H. H. W. Schmidt, E. Anastasiadou, L. Altucci, M. Angelini, L. Badimón, J. Balligand, G. Benincasa, G. Capasso, F. Conte, Antonella Di Costanzo, L. Farina, G. Fiscon, L. Gatto, Michele Gentili, J. Loscalzo, C. Marchese, C. Napoli, P. Paci, M. Petti, John Quackenbush, P. Tieri, D. Viggiano, G. Vilahur, Kimberly Glass, J. Baumbach",https://onlinelibrary.wiley.com/doi/pdfdirect/10.1002/wsbm.1489
Cellular Quiescence in Budding Yeast,"Siyu Sun, D. Gresham",https://www.ncbi.nlm.nih.gov/pmc/articles/8208048
Quality-Diversity Optimization: a novel branch of stochastic optimization,"Konstantinos Chatzilygeroudis, Antoine Cully, Vassilis Vassiliades, Jean-Baptiste Mouret",https://zenodo.org/record/5118752
Deep Nets: What have They Ever Done for Vision?,"A. Yuille, Chenxi Liu",
Grazing intensity induced alternations of soil microbial community composition in aggregates drive soil organic carbon turnover in a desert steppe,"Jianling Fan, Hao Jin, Chuanhong Zhang, Jinjin Zheng, Jun Zhang, G. Han",
Interactome-based approaches to human disease,"Michael Caldera, Pisanu Buphamalai, Felix Müller, Jörg Menche",https://doi.org/10.1016/j.coisb.2017.04.015
Controlling cell size through sizer mechanisms,"Giuseppe Facchetti, F. Chang, Martin Howard",https://doi.org/10.1016/j.coisb.2017.08.010
Host-aware synthetic biology,"Alice Boo, T. Ellis, G. Stan",
The diversity and co-occurrence network of soil bacterial and fungal communities and their implications for a new indicator of grassland degradation,"Xue-Lian Wu, Jingjing Yang, Hang Ruan, Shengnan Wang, Yurong Yang, Iqra Naeem, Ling Wang, Le-jiang Liu, Deli Wang",https://doi.org/10.1016/j.ecolind.2021.107989
Combined use of network inference tools identifies ecologically meaningful bacterial associations in a paddy soil,"Honggui Wang, Zhong Wei, L. Mei, Jing-liang Gu, Suisui Yin, Karoline Faust, J. Raes, Ye Deng, Yulong Wang, Q. Shen, S. Yin",https://doi.org/10.1016/j.soilbio.2016.11.029
Soil pH correlates with the co-occurrence and assemblage process of diazotrophic communities in rhizosphere and bulk soils of wheat fields,"Kunkun Fan, P. Weisenhorn, J. Gilbert, Yu-liang Shi, Yang Bai, H. Chu",
Wheat rhizosphere harbors a less complex and more stable microbial co-occurrence pattern than bulk soil,"Kunkun Fan, P. Weisenhorn, J. Gilbert, H. Chu",https://hdl.handle.net/1912/10628
Pattern recognition of daily activity patterns using human mobility motifs and sequence analysis,"Rongxiang Su, E. McBride, K. Goulias",
Interplay between inflammation and cancer.,"R. Khandia, A. Munjal",https://doi.org/10.1016/j.rpor.2020.04.004
Network Medicine in Pathobiology.,"L. Y. Lee, J. Loscalzo",http://ajp.amjpathol.org/article/S0002944019300938/pdf
Antioxidant mechanism of tea polyphenols and its impact on health benefits,"Zhaoming Yan, Y. Zhong, Y. Duan, Qinghua Chen, Fengna Li",https://doi.org/10.1016/j.aninu.2020.01.001
"Targeting ERK, an Achilles' Heel of the MAPK pathway, in cancer therapy","Feifei Liu, Xiaotong Yang, M. Geng, Min Huang",https://doi.org/10.1016/j.apsb.2018.01.008
Cell size homeostasis: Metabolic control of growth and cell division.,M. Björklund,https://doi.org/10.1016/j.bbamcr.2018.10.002
Intrinsically disordered proteins in the nucleus of human cells,"Telma Frege, V. Uversky",https://doi.org/10.1016/j.bbrep.2015.03.003
Neurofibromin is an Estrogen Receptor-α Transcriptional Co-repressor in Breast Cancer,"Ze-Yi Zheng, M. Anurag, J. Lei, Jin Cao, Purba Singh, Jianheng Peng, Hilda Kennedy, Nhu-Chau Nguyen, Yue Chen, P. Lavere, Jing Li, Xinhui Du, B. Çakar, Wei-qing Song, Beom-Jun Kim, Jiejun Shi, S. Seker, D. Chan, Guo-qiang Zhao, Xi Chen, K. Banks, R. Lanman, M. Shafaee, X. Zhang, S. Vasaikar, Bing Zhang, S. Hilsenbeck, Wei Li, C. Foulds, M. Ellis, E. Chang",http://www.cell.com/article/S1535610820300921/pdf
Proteogenomic insights into the biology and treatment of HPV-negative head and neck squamous cell carcinoma.,"Chen Huang, Lijun Chen, Sara R. Savage, R. V. Eguez, Yongchao Dou, Yize Li, Felipe da Veiga Leprevost, E. Jaehnig, J. Lei, Bo Wen, M. Schnaubelt, Karsten Krug, Xiaoyu Song, M. Cieslik, Hui-Yin Chang, Matthew A. Wyczalkowski, Kai Li, A. Colaprico, Q. K. Li, D. Clark, Yingwei Hu, Liwei Cao, Jianbo Pan, Yuefan Wang, Kyung-Cho Cho, Zhiao Shi, Yuxing Liao, Wen Jiang, M. Anurag, Jiayi Ji, S. Yoo, D. Zhou, Wen-Wei Liang, M. Wendl, Pankaj Vats, S. Carr, D. Mani, Zhen Zhang, Jiang Qian, Xi Chen, Alexander R. Pico, Pei Wang, A. Chinnaiyan, K. Ketchum, C. Kinsinger, A. Robles, E. An, Tara Hiltke, M. Mesri, M. Thiagarajan, Alissa M. Weaver, A. Sikora, J. Lubiński, M. Wierzbicka, M. Wiznerowicz, S. Satpathy, Michael A. Gillette, George Miles, M. Ellis, G. Omenn, H. Rodriguez, Emily Boja, S. Dhanasekaran, L. Ding, A. Nesvizhskii, A. El-Naggar, D. Chan, Hui Zhang, Bing Zhang",https://www.ncbi.nlm.nih.gov/pmc/articles/7946781
Tumor microbiome links cellular programs and immunity in pancreatic cancer,"B. Ghaddar, Antara Biswas, C. Harris, M. Omary, D. Carpizo, M. Blaser, S. De",http://www.cell.com/article/S153561082200438X/pdf
A comprehensive clinically informed map of dependencies in cancer cells and framework for target prioritization.,"C. Pacini, E. Duncan, Emanuel Gonçalves, James P. Gilbert, S. Bhosle, Stuart Horswell, Emre Karakoc, H. Lightfoot, E. Curry, Francesc Muyas, M. Bouaboula, C. Pedamallu, I. Cortés-Ciriano, Fiona M. Behan, L. Zalmas, Andrew S. Barthorpe, Hayley E. Francies, Steve Rowley, Jack Pollard, P. Beltrão, Leopold Parts, F. Iorio, Mathew J. Garnett",https://doi.org/10.1016/j.ccell.2023.12.016
Adder and a coarse-grained approach to cell size homeostasis in bacteria,"John T. Sauls, Dongyang Li, S. Jun",
Analysis of the Human Endogenous Coregulator Complexome,"Anna Malovannaya, Rainer B. Lanz, Sung Yun Jung, Yi Huang, Lan Yi, et al.",http://www.cell.com/article/S0092867411005320/pdf
The BioPlex Network: A Systematic Exploration of the Human Interactome,"Edward L. Huttlin, Lily Ting, Raphael J. Bruckner, Fana Gebreab, Melanie P. Gygi, John Szpyt, Stanley Tam, G. Zárraga, G. Colby, Kurt Baltier, Rui Dong, Virgínia Guarani, L. P. Vaites, A. Ordureau, R. Rad, B. Erickson, M. Wühr, Joel M. Chick, B. Zhai, Deepak Kolippakkam, J. Mintseris, R. Obar, R. Obar, Tim Harris, S. Artavanis-Tsakonas, S. Artavanis-Tsakonas, M. Sowa, P. Camilli, J. Paulo, J. Harper, S. Gygi",http://www.cell.com/article/S0092867415007680/pdf
Suppression of Enhancer Overactivation by a RACK7-Histone Demethylase Complex,"Hongjie Shen, Wenqi Xu, R. Guo, Bowen Rong, Lei Gu, Zhentian Wang, Chenxi He, Lijuan Zheng, Xin Hu, Zhen Hu, Z. Shao, Pengyuan Yang, Feizhen Wu, Y. Shi, Yang Shi, F. Lan",http://www.cell.com/article/S0092867416302148/pdf
Perturb-seq: Dissecting molecular circuits with scalable single cell RNA profiling of pooled genetic screens,"Atray C Dixit, Oren Parnas, Biyu Li, Jenny Chen, C. Fulco, Livnat Jerby-Arnon, Nemanja Marjanović, Danielle Dionne, Tyler Burks, Raktima Raychndhury, Britt Adamson, Thomas M. Norman, E. Lander, J. Weissman, N. Friedman, A. Regev",http://www.cell.com/article/S0092867416316105/pdf
Transcriptional Architecture of Synaptic Communication Delineates GABAergic Neuron Identity,"A. Paul, M. Crow, Ricardo Raudales, M. He, J. Gillis, Z. J. Huang",https://www.biorxiv.org/content/biorxiv/early/2017/08/30/180034.full.pdf
Cell Signaling as a Cognitive Process,"Anke Koseska, Philippe I. H. Bastiaens",
Natively unfolded FG-repeats stabilize the structure of the nuclear pore complex,"Evgeny Onischenko, Jeffrey H. Tang, K. R. Andersen, K. Knockenhauer, P. Vallotton, C. P. Derrer, Annemarie Kralt, C. Mugler, Leon Y. Chan, T. Schwartz, K. Weis",http://www.cell.com/article/S0092867417311273/pdf
Precise Editing at DNA Replication Forks Enables Multiplex Genome Engineering in Eukaryotes,"Edward M Barbieri, Paul Muir, Benjamin O. Akhuetie-Oni, C. Yellman, Farren J. Isaacs",http://www.cell.com/article/S0092867417312564/pdf
Mapping the genetic landscape of human cells,"Max A. Horlbeck, Albert Xu, Min Wang, Neal K. Bennett, C. Park, D. Bogdanoff, Britt Adamson, E. Chow, M. Kampmann, Tim R. Peterson, Ken Nakamura, M. Fischbach, J. Weissman, Luke A. Gilbert",https://escholarship.org/content/qt0465k3fx/qt0465k3fx.pdf
Heparan Sulfate Organizes Neuronal Synapses through Neurexin Partnerships,"Peng Zhang, Hong Lu, R. Peixoto, Mary Pines, Yuan Ge, S. Oku, Tabrez J. Siddiqui, Yicheng Xie, Wen-fang Wu, Stephanie A Archer-Hartmann, Keitaro Yoshida, Kenji F. Tanaka, A. Aricescu, P. Azadi, M. D. Gordon, B. Sabatini, R. Wong, A. M. Craig",http://www.cell.com/article/S0092867418308584/pdf
Hair Cell Mechanotransduction Regulates Spontaneous Activity and Spiral Ganglion Subtype Specification in the Auditory System,"Shuohao Sun, Travis A. Babola, Gabriela Pregernig, Kathy S. So, M. Nguyen, Michael Su, A. Palermo, D. Bergles, Joseph C. Burns, Ulrich Müller",http://www.cell.com/article/S0092867418309024/pdf
Global Genetic Networks and the Genotype to Phenotype Relationship,"M. Costanzo, Elena Kuzmin, Jolanda van Leeuwen, Barbara Mair, J. Moffat, Charles Boone, B. Andrews",http://www.cell.com/article/S0092867419300960/pdf
The Chaperonin TRiC/CCT Associates with Prefoldin through a Conserved Electrostatic Interface Essential for Cellular Proteostasis.,"D. Gestaut, S. Roh, B. Ma, G. Pintilie, L. Joachimiak, A. Leitner, T. Walzthoeni, R. Aebersold, W. Chiu, J. Frydman",http://www.cell.com/article/S0092867419302740/pdf
Integrated Proteogenomic Characterization of HBV-Related Hepatocellular Carcinoma.,"Qiang Gao, Hongwen Zhu, Liangqing Dong, Wei Shi, Ran Chen, Zhijian Song, Cheng Huang, Junqiang Li, Xiaowei Dong, Yanting Zhou, Qian Liu, Lijie Ma, Xiaoying Wang, Jian Zhou, Yansheng Liu, Emily Boja, Ana I. Robles, Weiping Ma, Pei Wang, Yize Li, L. Ding, Bo Wen, Bing Zhang, Henry Rodriguez, Daming Gao, Hu Zhou, Jia Fan",http://www.cell.com/article/S0092867419310037/pdf
Multimodal Analysis of Cell Types in a Hypothalamic Node Controlling Social Behavior.,"Dong-Wook Kim, Z. Yao, Lucas T. Graybuck, Tae Kyung Kim, T. Nguyen, Kimberly A. Smith, Olivia Fong, Lynn Yi, N. Koulena, N. Pierson, Sheel Shah, Liching Lo, Allan-Hermann Pool, Yuki Oka, L. Pachter, L. Cai, Bosiljka Tasic, Hongkui Zeng, D. Anderson",https://www.ncbi.nlm.nih.gov/pmc/articles/7534821
High-throughput mapping of long-range neuronal projection using in situ sequencing,"Xiaoyin Chen, Huiqing Zhan, Justus M. Kebschull, Yu-Chi Sun, A. Zador",http://www.cell.com/article/S0092867419310748/pdf
A Compendium of Genetic Modifiers of Mitochondrial Dysfunction Reveals Intra-Organelle Buffering,"Tsz-Leung To, Alejandro M. Cuadros, Hardik Shah, Wendy W K Hung, Yang Li, Sharon H. Kim, Daniel H. F. Rubin, Ryan H. Boe, S. Rath, J. Eaton, F. Piccioni, A. Goodale, Zohra Kalani, John G Doench, D. Root, S. Schreiber, Scott B Vafai, V. Mootha",http://www.cell.com/article/S0092867419311821/pdf
Multimodal Analysis of Composition and Spatial Architecture in Human Squamous Cell Carcinoma,"A. Ji, Adam J. Rubin, K. Thrane, Sizun Jiang, D. Reynolds, R. Meyers, M. Guo, B. George, A. Mollbrink, J. Bergenstråhle, L. Larsson, Yunhao Bai, Bokai Zhu, A. Bhaduri, Jordan M Meyers, Xavier Rovira-Clavé, S. Hollmig, S. Aasi, Garry P. Nolan, J. Lundeberg, P. Khavari",http://www.cell.com/article/S0092867420306723/pdf
A local regulatory T cell feedback circuit maintains immune homeostasis by pruning self-activated T cells,"Harikesh S. Wong, Kyemyung Park, Anita Gola, A. Baptista, Christine H. Miller, Deeksha Deep, Meng Lou, L. Boyd, A. Rudensky, Peter A. Savage, G. Altan-Bonnet, J. Tsang, R. Germain",http://www.cell.com/article/S0092867421006589/pdf
An E3 ligase network engages GCN1 to promote degradation of translation factors on stalled ribosomes,"Keely Oltion, Jordan D. Carelli, Tangpo Yang, Stephanie K. See, Hao-Yuan Wang, M. Kampmann, J. Taunton",https://doi.org/10.1016/j.cell.2022.12.025
The proteomic landscape of genome-wide genetic perturbations,"C. Messner, V. Demichev, J. Muenzner, S. Aulakh, Annika Röhl, Lucía Herrera-Dominguez, Anna-Sophia Egger, Stephan Kamrad, O. Lemke, E. Calvani, M. Mülleder, K. Lilley, Georg Kustatscher, M. Ralser",http://www.cell.com/article/S0092867423003008/pdf
Proteogenomic characterization of small cell lung cancer identifies biological insights and subtype-specific therapeutic strategies.,"Qian Liu, Jing Zhang, Chenchen Guo, Mengcheng Wang, Chenfei Wang, Yilv Yan, Liangdong Sun, Di Wang, Lele Zhang, Huansha Yu, L. Hou, Chunyan Wu, Yuming Zhu, G. Jiang, Hongwen Zhu, Yanting Zhou, Shanhua Fang, Tengfei Zhang, Liang-liang Hu, Junqiang Li, Yansheng Liu, Hui Zhang, Bing Zhang, Li Ding, Ana I. Robles, Henry Rodriguez, Daming Gao, Hongbin Ji, Hu Zhou, Peng Zhang",
"A Pooled shRNA Screen Identifies Rbm15, Spen, and Wtap as Factors Required for Xist RNA-Mediated Silencing","Benoit Moindrot, A. Cerase, Heather Coker, O. Masui, Anne Grijzenhout, G. Pintacuda, L. Schermelleh, T. Nesterova, N. Brockdorff",http://www.cell.com/article/S2211124715006798/pdf
ZMYND8 Co-localizes with NuRD on Target Genes and Regulates Poly(ADP-Ribose)-Dependent Recruitment of GATAD2A/NuRD to Sites of DNA Damage.,"C. G. Spruijt, M. S. Luijsterburg, R. Menafra, Rik G. H. Lindeboom, P. Jansen, Raghu R. Edupuganti, Marijke P. A. Baltissen, W. Wiegant, M. Voelker-Albert, Filomena Matarese, A. Mensinga, I. Poser, H. Vos, H. Stunnenberg, Haico van Attikum, M. Vermeulen",http://www.cell.com/article/S2211124716312761/pdf
Multivalent Histone and DNA Engagement by a PHD/BRD/PWWP Triple Reader Cassette Recruits ZMYND8 to K14ac-Rich Chromatin,"P. Savitsky, T. Krojer, T. Fujisawa, Jean-Philippe Lambert, S. Picaud, Chen-Yi Wang, Erin K. Shanle, K. Krajewski, H. Friedrichsen, Alexander Kanapin, C. Goding, M. Schapira, A. Samsonova, B. Strahl, A. Gingras, P. Filippakopoulos",http://www.cell.com/article/S2211124716315558/pdf
Genomic Determinants of Protein Abundance Variation in Colorectal Cancer Cells,"T. Roumeliotis, Steven P. Williams, E. Gonçalves, Clara Alsinet, M. del Castillo Velasco-Herrera, N. Aben, F. Ghavidel, M. Michaut, Michael Schubert, S. Price, James C. Wright, Lu Yu, Mi Yang, R. Dienstmann, J. Guinney, P. Beltrão, A. Brazma, M. Pardo, O. Stegle, D. Adams, L. Wessels, J. Saez-Rodriguez, U. McDermott, Jyoti S. Choudhary",http://www.cell.com/article/S2211124717311002/pdf
Transcriptome and DNA Methylome Analysis in a Mouse Model of Diet-Induced Obesity Predicts Increased Risk of Colorectal Cancer,"Ruifang Li, Sara A. Grimm, D. Mav, Haiwei Gu, Danijel Djukovic, Ruchir R. Shah, B. Merrick, Daniel Raftery, Daniel Raftery, P. Wade",http://www.cell.com/article/S2211124717319083/pdf
Functional Genomic Screening Reveals Core Modulators of Echinocandin Stress Responses in Candida albicans.,"Tavia Caplan, Elizabeth J. Polvi, Jinglin L. Xie, Shoshana Buckhalter, Michelle D. Leach, Nicole Robbins, L. Cowen",http://www.cell.com/article/S2211124718306430/pdf
Diversity of Interneurons in the Dorsal Striatum Revealed by Single-Cell RNA Sequencing and PatchSeq,"A. Muñoz-Manchado, Carolina Bengtsson Gonzales, Amit Zeisel, H. Munguba, Bo Bekkouche, N. Skene, P. Lönnerberg, J. Ryge, K. Harris, S. Linnarsson, J. Hjerling-Leffler",http://www.cell.com/article/S2211124718311562/pdf
Mafb and c-Maf Have Prenatal Compensatory and Postnatal Antagonistic Roles in Cortical Interneuron Fate and Function,"E. L. Pai, D. Vogt, Alexandra Clemente-Perez, Gabriel Mckinsey, Frances S. Cho, Jia Sheng Hu, Matt Wimer, A. Paul, S. Fazel Darbandi, Ramon Pla, T. Nowakowski, L. Goodrich, J. Paz, J. Rubenstein",http://www.cell.com/article/S2211124719300403/pdf
Genetic Single Neuron Anatomy Reveals Fine Granularity of Cortical Axo-Axonic Cells,"Xiaojun Wang, J. Tucciarone, Siqi Jiang, Fangfang Yin, Bor-Shuen Wang, Dingkang Wang, Y. Jia, Xueyan Jia, Yuxin Li, Tao Yang, Zhengchao Xu, Masood Ahmed Akram, Yusu Wang, Shaoqun Zeng, G. Ascoli, P. Mitra, H. Gong, Qingming Luo, Z. J. Huang",http://www.cell.com/article/S2211124719302116/pdf
Landscape of the Plasmodium Interactome Reveals Both Conserved and Species-Specific Functionality,"C. Hillier, M. Pardo, Lu Yu, Ellen S C Bushell, T. Sanderson, Tom Metcalf, Colin Herd, B. Anar, J. Rayner, O. Billker, Jyoti S. Choudhary",http://www.cell.com/article/S221112471930909X/pdf
miRNA551b-3p Activates an Oncostatin Signaling Module for the Progression of Triple-Negative Breast Cancer.,"D. Parashar, Anjali Geethadevi, M. R. Aure, Jyotsna Mishra, J. George, Changliang Chen, Manoj K. Mishra, Andliena Tahiri, Wei Zhao, B. Nair, Yiling Lu, L. Mangala, Cristian Rodríguez-Aguayo, G. Lopez-Berestein, A. Camara, Mingyu Liang, J. Rader, R. Ramchandran, M. You, A. Sood, V. Kristensen, G. Mills, S. Pradeep, P. Chaluvally-Raghavan",https://doi.org/10.1016/j.celrep.2019.11.085
"Tau reduction affects excitatory and inhibitory neurons differently, reduces excitation/inhibition ratios, and counteracts network hypersynchrony","Che-Wei Chang, Mark D. Evans, Xinxing Yu, Gui-qiu Yu, L. Mucke",https://doi.org/10.1016/j.celrep.2021.109855
Switch-like Transitions Insulate Network Motifs to Modularize Biological Networks,"Oguzhan Atay, Andreas Doncic, Jan M. Skotheim",https://europepmc.org/articles/pmc5001915?pdf=render
Linear integration of ERK activity predominates over persistence detection in Fra-1 regulation,"Taryn E. Gillies, M. Pargett, M. Minguet, A. E. Davies, J. Albeck",http://www.cell.com/article/S2405471217304891/pdf
Combining a Toggle Switch and a Repressilator within the AC-DC Circuit Generates Distinct Dynamical Behaviors,"R. Pérez-Carrasco, Chris P. Barnes, Y. Schaerli, M. Isalan, J. Briscoe, K. Page",https://europepmc.org/articles/pmc5929911?pdf=render
"Interrogation of Mammalian Protein Complex Structure, Function, and Membership Using Genome-Scale Fitness Screens","Joshua Pan, R. Meyers, B. Michel, N. Mashtalir, Ann E. Sizemore, J. Wells, Seth H. Cassel, F. Vazquez, B. Weir, W. Hahn, J. Marsh, Aviad Tsherniak, Cigall Kadoch",http://www.cell.com/article/S240547121830187X/pdf
Dissecting RAF inhibitor resistance by structure-based modeling reveals ways to overcome oncogenic RAS signaling,"Oleksii S. Rukhlenko, Fahimeh Khorsand, A. Krstic, Jan Rožanc, L. Alexopoulos, Nora Rauch, Keesha E. Erickson, W. Hlavacek, R. Posner, Silvia Gómez-Coca, E. Rosta, Cheree Fitzgibbon, D. Matallanas, Jens Rauch, W. Kolch, B. Kholodenko",http://www.cell.com/article/S2405471218302424/pdf
Hard Limits and Performance Tradeoffs in a Class of Antithetic Integral Feedback Networks.,"Noah Olsman, Ania-Ariadna Baetica, Fangzhou Xiao, Yoke Peng Leong, R. Murray, J. Doyle",http://www.cell.com/article/S2405471219301966/pdf
Network topologies that can achieve dual function of adaptation and noise attenuation,"Lingxia Qiao, Wei Zhao, Chao Tang, Q. Nie, Lei Zhang",http://www.cell.com/article/S2405471219302753/pdf
Keeping the Proportions of Protein Complex Components in Check,"J. Taggart, Henrik Zauber, M. Selbach, Gene‐Wei Li, E. McShane",http://www.cell.com/article/S2405471220300314/pdf
Biological feedback control-Respect the loops.,H. El-Samad,http://www.cell.com/article/S2405471221001599/pdf
Context-aware synthetic biology by controller design: engineering the mammalian cell,"Nika Shakiba, Ross D. Jones, Ron Weiss, Domitilla Del Vecchio",http://www.cell.com/article/S2405471221001976/pdf
Mapping the multiscale structure of biological systems,"Leah V. Schaffer, Trey Ideker",http://www.cell.com/article/S2405471221001988/pdf
"D-SCRIPT translates genome to phenome with sequence-based, structure-aware, genome-scale predictions of protein-protein interactions","Samuel Sledzieski, Rohit Singh, L. Cowen, Bonnie Berger",http://www.cell.com/article/S2405471221003331/pdf
Versatile System Cores as a Conceptual Basis for Generality in Cell and Developmental Biology,"Elisa Gallo, Stefano De Renzis, James Sharpe, Roberto Mayor, Jonas Hartmann",https://doi.org/10.1016/j.cels.2024.08.001
Comparison of Methods for Differential Co-expression Analysis for Disease Biomarker Prediction,"Tulika Kakati, D. Bhattacharyya, P. Barah, J. Kalita",
A Disinhibitory Circuit Motif and Flexible Information Routing in the Brain,"Xiao-Jing Wang, G. Yang",https://www.ncbi.nlm.nih.gov/pmc/articles/6599531
Perspectives on defining cell types in the brain,"E. Mukamel, J. Ngai",https://www.ncbi.nlm.nih.gov/pmc/articles/6551297
Evolution of neuronal identity in the cerebral cortex.,"M. Tosches, G. Laurent",
Modular Analysis and Design of Biological Circuits,"Tobias W. Grunberg, Domitilla Del Vecchio",https://hdl.handle.net/1721.1/126455
Experimental reproducibility limits the correlation between mRNA and protein abundances in tumor proteomic profiles,"Swathi Ramachandra Upadhya, Colm J. Ryan",https://doi.org/10.1016/j.crmeth.2022.100288
Inductive inference of gene regulatory network using supervised and semi-supervised graph neural networks,"Juexin Wang, A. Ma, Qin Ma, Dong Xu, T. Joshi",https://doi.org/10.1016/j.csbj.2020.10.022
A parallel adder coordinates mycobacterial cell cycle progression and cell size homeostasis in the context of asymmetric growth and organization,"Michelle M Logsdon, Po-yi Ho, K. Papavinasasundaram, K. Richardson, Murat Cokol, C. Sassetti, A. Amir, B. Aldridge",http://www.cell.com/article/S0960982217312447/pdf
Towards a unified Model of SMC Complex Function,"M. Hassler, I. A. Shaltiel, C. Haering",http://www.cell.com/article/S0960982218311187/pdf
Modular Assembly of Polysaccharide-Degrading Marine Microbial Communities.,"Tim N. Enke, M. Datta, Julia A. Schwartzman, N. Cermak, Désirée A. Schmitz, Julien Barrere, A. Pascual-García, O. Cordero",http://www.cell.com/article/S0960982219303458/pdf
The Evolutionary Assembly of Neuronal Machinery.,D. Arendt,http://www.cell.com/article/S0960982220304887/pdf
The use of functional and effective connectivity techniques to understand the developing brain,"Diane Goldenberg, A. Galván",https://doi.org/10.1016/j.dcn.2015.01.011
Evolutionary proteomics uncovers ancient associations of cilia with signaling pathways,"M. A. Sigg, T. Menchen, Chanjae Lee, Jeffery Johnson, M. Jungnickel, Semil P. Choksi, Galo Garcia, Henriette Busengdal, G. Dougherty, P. Pennekamp, C. Werner, Fabian Rentzsch, H. Florman, N. Krogan, John B. Wallingford, H. Omran, Jeremy F. Reiter",http://www.cell.com/article/S1534580717309498/pdf
Tricalbins Contribute to Cellular Lipid Flux and Form Curved ER-PM Contacts that Are Bridged by Rod-Shaped Structures,"Patrick C. Hoffmann, T. Bharat, Michael R. Wozny, J. Boulanger, E. Miller, W. Kukulski",https://doi.org/10.1016/j.devcel.2019.09.019
Remediation of organic amendments on soil salinization: Focusing on the relationship between soil salts and microbial communities.,"Xiaoxi Mao, Yang Yang, Peibin Guan, Liping Geng, Li Ma, Hong-jie Di, Wen-ju Liu, Bowen Li",https://doi.org/10.1016/j.ecoenv.2022.113616
Applications of single-cell and bulk RNA sequencing in onco-immunology.,"M. Kuksin, D. Morel, Marine Aglave, F. Danlos, A. Marabelle, A. Zinovyev, D. Gautheret, L. Verlingue",
Therapeutic role of flavonoids and flavones in cancer prevention: Current trends and future perspectives,"Azhar U. Khan, H. S. Dagur, M. Khan, Nazia Malik, Mahboob Alam, Md Mushtaque",https://doi.org/10.1016/j.ejmcr.2021.100010
GLC: A dual-perspective approach for identifying influential nodes in complex networks,"Yirun Ruan, Sizheng Liu, Jun Tang, Yanming Guo, Tianyuan Yu",https://doi.org/10.1016/j.eswa.2024.126292
Deciphering Brain Complexity Using Single-cell Sequencing,"Quanhua Mu, Yiyun Chen, Jiguang Wang",https://doi.org/10.1016/j.gpb.2018.07.007
"Information fusion as an integrative cross-cutting enabler to achieve robust, explainable, and trustworthy medical artificial intelligence","Andrea Holzinger, M. Dehmer, F. Emmert-Streib, N. Díaz-Rodríguez, R. Cucchiara, Isabelle Augenstein, J. Ser, W. Samek, I. Jurisica",https://doi.org/10.1016/j.inffus.2021.10.007
A network pharmacology approach to explore the potential targets underlying the effect of sinomenine on rheumatoid arthritis.,"Xiang Guo, J. Ji, Zhitao Feng, X. Hou, Ya-nan Luo, Zhigang Mei",https://doi.org/10.1016/j.intimp.2020.106201
Identifying influential nodes in complex networks via Transformer,"Leiyang Chen, Ying Xi, Liang Dong, Manjun Zhao, Chenliang Li, Xiao Liu, Xiao Cui",https://doi.org/10.1016/j.ipm.2024.103775
Synthetic living machines: A new window on life,"Mohammed Ebrahimkhani, M. Levin",http://www.cell.com/article/S2589004221004739/pdf
Bow-tie architectures in biological and artificial neural networks: Implications for network evolution and assay design,"Kaeser M. Sabrin, et al.",https://www.cell.com/article/S2589004223001189/pdf
"Receptor tyrosine kinases: Characterisation, mechanism of action and therapeutic interests for bone cancers","Aude I. Ségaliny, Marta Tellez-Gabriel, M. Heymann, D. Heymann",
Methods for depicting overlap in overviews of systematic reviews: An introduction to static tabular and graphical displays.,"K. Bougioukas, Elpida Vounzoulaki, C. Mantsiou, E. Savvides, C. Karakosta, T. Diakonidis, A. Tsapas, A. Haidich",
Maize root-associated niches determine the response variation in bacterial community assembly and function to phthalate pollution.,"Yu-Hong Huang, Yue Liu, Jun Geng, Huixiong Lü, Hai-Ming Zhao, Lei Xiang, Hui Li, C. Mo, Yan-Wen Li, Q. Cai",
"Biofilms in plastisphere from freshwater wetlands: Biofilm formation, bacterial community assembly, and biogeochemical cycles.","Liang Meng, Longrui Liang, Yansong Shi, Haitao Yin, Li Li, Jiamu Xiao, Nannan Huang, Angang Zhao, Yangrongchang Xia, Jingwen Hou",
Tools and Principles for Microbial Gene Circuit Engineering.,"R. Bradley, M. Buck, Baojun Wang",https://ars.els-cdn.com/content/image/1-s2.0-S0022283615005641-fx1_lrg.jpg
Statistical analysis of proteomics data: A review on feature selection.,"M. Lualdi, M. Fasano",
Organelle crosstalk in the kidney.,"Tsuyoshi Inoue, H. Maekawa, R. Inagi",http://www.kidney-international.org/article/S0085253819300043/pdf
Acquisition and Analysis of DIA-Based Proteomic Data: A Comprehensive Survey in 2023,"Ronghui Lou, W. Shui",http://www.mcponline.org/article/S1535947624000021/pdf
Rational engineering of synthetic microbial systems: From single cells to consortia,"Philip Bittihn, M. O. Din, L. Tsimring, J. Hasty",
Coactivator-Dependent Oscillation of Chromatin Accessibility Dictates Circadian Gene Amplitude via REV-ERB Loading,"Bokai Zhu, Leah A. Gates, Erin Stashi, Subhamoy Dasgupta, Naomi M. Gonzales, Adam M. Dean, C. Dacso, B. York, B. O’Malley",http://www.cell.com/article/S1097276515008151/pdf
Positive Feedback Keeps Duration of Mitosis Temporally Insulated from Upstream Cell-Cycle Events,"A. R. Araújo, L. Gelens, R. Sheriff, Silvia D. M. Santos",https://lirias.kuleuven.be/bitstream/123456789/554825/1/Positive%20Feedback%20Keeps%20Duration%20of%20Mitosis%20Temporally%20Insulated%20from%20Upstream%20Cell-Cycle%20Events_MolCell_64_362_2016.pdf
Tracing information flow from Erk to target gene induction reveals mechanisms of dynamic and combinatorial control,"Maxwell Z. Wilson, Pavithran T Ravindran, W. Lim, Jared E. Toettcher",http://www.cell.com/article/S1097276517305348/pdf
Zc3h13 regulates nuclear RNA m6A methylation and mouse embryonic stem cell self-renewal,"Jing Wen, Ruitu Lv, Honghui Ma, Hongjie Shen, Chenxi He, Jiahua Wang, Fangfang Jiao, Hang Liu, Pengyuan Yang, Li Tan, F. Lan, Y. G. Shi, Chuan He, Yang Shi, J. Diao",http://www.cell.com/article/S1097276518301345/pdf
SubCellBarCode: Proteome-wide Mapping of Protein Localization and Relocalization.,"L. Orre, Mattias Vesterlund, Yanbo Pan, T. Arslan, Yafeng Zhu, Alejandro Fernandez Woodbridge, Oliver Frings, E. Fredlund, J. Lehtiö",http://www.cell.com/article/S1097276518310050/pdf
Structural Basis of an Asymmetric Condensin ATPase Cycle,"M. Hassler, I. A. Shaltiel, M. Kschonsak, B. Simon, F. Merkel, Lena Thärichen, Henry J. Bailey, Jakub Macošek, Sol Bravo, Jutta Metz, J. Hennig, C. Haering",http://www.cell.com/article/S1097276519302667/pdf
Sister DNA Entrapment between Juxtaposed Smc Heads and Kleisin of the Cohesin Complex,"Christophe Chapard, Robert Jones, Till van Oepen, Johanna C. Scheinost, K. Nasmyth",http://www.cell.com/article/S1097276519303958/pdf
Kinase Interaction Network Expands Functional and Disease Roles of Human Kinases,"Marija Buljan, Rodolfo Ciuffa, Audrey van Drogen, Anton Vichalkovski, Martin Mehnert, George A. Rosenberger, Sohyon Lee, M. Varjosalo, Lucia de Espona Pernas, Vincent Spegg, B. Snijder, R. Aebersold, M. Gstaiger",http://www.cell.com/article/S1097276520304676/pdf
Integrator Recruits Protein Phosphatase 2A to Prevent Pause Release and Facilitate Transcription Termination,"Kai-Lieh Huang, David Jee, Chad B. Stein, Nathan D. Elrod, Telmo Henriques, Lauren G. Mascibroda, David Baillat, W. Russell, K. Adelman, Eric J. Wagner",http://www.cell.com/article/S1097276520305797/pdf
A walk through the SMC cycle: From catching DNAs to shaping the genome.,"Roel Oldenkamp, B. Rowland",
Multifunctional soft machines based on stimuli-responsive hydrogels: from freestanding hydrogels to smart integrated systems,"M. Ding, L. Jing, Haitao Yang, Catherine E. Machnicki, Xuemei Fu, K. Li, I. Wong, P. Chen",
Predicting future learning from baseline network architecture,"M. Mattar, N. Wymbs, A. Bock, G. Aguirre, Scott T. Grafton, D. Bassett",
Network-level macroscale structural connectivity predicts propagation of transcranial magnetic stimulation,"D. Momi, R. Ozdemir, E. Tadayon, P. Boucher, M. Shafi, Á. Pascual-Leone, E. Santarnecchi",
Genetic Dissection of Neural Circuits: A Decade of Progress,"L. Luo, E. Callaway, K. Svoboda",http://www.cell.com/article/S0896627318303763/pdf
Glutamatergic Signaling in the Central Nervous System: Ionotropic and Metabotropic Receptors in Concert,"Andreas Reiner, Joshua Levitz",http://www.cell.com/article/S0896627318304161/pdf
A Modular Organization of LRR Protein-Mediated Synaptic Adhesion Defines Synapse Identity.,"A. Schroeder, Jeroen Vanderlinden, K. Vints, Luís F. Ribeiro, Kristel M. Vennekens, Natalia V. Gounko, Keimpe D. Wierda, Joris de Wit",https://lirias.kuleuven.be/bitstream/123456789/625739/2/Schroeder_Neuron%202018_deposited%20version.pdf
Development and functional diversification of cortical interneurons,"L. Lim, Da Mi, Alfredo Llorca, O. Marín",http://www.cell.com/article/S0896627318308973/pdf
Sleep Regulation by Neurotensinergic Neurons in a Thalamo-Amygdala Circuit.,"Chenyan Ma, Peng Zhong, Danqian Liu, Zeke Barger, Li Zhou, Wei-Cheng Chang, Brian Kim, Y. Dan",http://www.cell.com/article/S0896627319304404/pdf
Trans-Synaptic Signaling through the Glutamate Receptor Delta-1 Mediates Inhibitory Synapse Formation in Cortical Pyramidal Neurons,"M. Fossati, Nora Assendorp, Olivier Gemin, Sabrina Colasse, F. Dingli, Guillaume Arras, D. Loew, Cécile Charrier",http://www.cell.com/article/S0896627319308013/pdf
A Genetic Model of the Connectome,"Dániel L. Barabási, A. Barabási",http://www.cell.com/article/S0896627319309262/pdf
Tipping the Scales: Peptide-Dependent Dysregulation of Neural Circuit Dynamics in Alzheimer's Disease.,"S. Harris, F. Wolf, Bart de Strooper, M. Busche",http://www.cell.com/article/S0896627320304347/pdf
An activity-mediated transition in transcription in early postnatal neurons,"Hume Stroud, Marty G. Yang, Yael N. Tsitohay, Christopher P. Davis, Maxwell A. Sherman, Siniša Hrvatin, Emi Ling, M. Greenberg",http://www.cell.com/article/S0896627320304372/pdf
Somatotopic organization and intensity dependence in driving distinct NPY-expressing sympathetic pathways by electroacupuncture,"Shenbin Liu, Zhi-fu Wang, Yang-shuai Su, Russell S. Ray, X. Jing, Yanqing Wang, Qiufu Ma",http://www.cell.com/article/S0896627320305328/pdf
Recruitment and inhibitory action of hippocampal axo-axonic cells during behavior,"Barna Dudok, Miklos Szoboszlay, A. Paul, Peter M. Klein, Zhenrui Liao, Ernie Hwaun, Gergely G. Szabo, T. Geiller, Bert Vancura, Bor-Shuen Wang, S. McKenzie, Jesslyn Homidan, L. Klaver, D. English, Z. J. Huang, G. Buzsáki, A. Losonczy, I. Soltesz",http://www.cell.com/article/S0896627321007066/pdf
Graph Theoretical Framework of Brain Networks in Multiple Sclerosis: A Review of Concepts.,"V. Fleischer, Angela Radetz, D. Ciolac, M. Muthuraman, G. González-Escamilla, F. Zipp, Sergiu Groppa",
THE FUNCTION AND REGULATION OF ZINC IN THE BRAIN,"R. Krall, T. Tzounopoulos, E. Aizenman",http://manuscript.elsevier.com/S0306452221000178/pdf/S0306452221000178.pdf
scTenifoldKnk: An efficient virtual knockout tool for gene function predictions via single-cell gene regulatory network perturbation,"Daniel Osório, Yan Zhong, Guanxun Li, Qian Xu, Yongjian Yang, Yanan Tian, R. Chapkin, Jianhua Huang, James J. Cai",
An update for epilepsy research and antiepileptic drug development: Toward precise circuit therapy.,"Yi Wang, Zhong Chen",
Endothelial stromelysin1 regulation by the forkhead box-O transcription factors is crucial in the exudative phase of acute lung injury,"S. Artham, F. Gao, Arti Verma, Abdulrahman Alwhaibi, Harika Sabbineni, Sherif Hafez, A. Ergul, P. Somanath",
"Link prediction techniques, applications, and performance: A survey","Ajay Kumar, S. Singh, Kuldeep Singh, Bhaskar Biswas",
"Computational network biology: Data, models, and applications","Chuang Liu, Yifang Ma, Jing Zhao, R. Nussinov, Yi-Cheng Zhang, F. Cheng, Zi-Ke Zhang",
Networks beyond pairwise interactions: structure and dynamics,"F. Battiston, G. Cencetti, Iacopo Iacopini, V. Latora, M. Lucas, Alice Patania, Jean-Gabriel Young, G. Petri",https://www.sciencedirect.com/science/article/pii/S0370157320302489?via%3Dihub
From genotypes to organisms: State-of-the-art and perspectives of a cornerstone in evolutionary dynamics.,"S. Manrubia, J. Cuesta, J. Aguirre, S. Ahnert, L. Altenberg, A. V. Cano, P. Catalán, R. Díaz-Uriarte, S. Elena, Juan Antonio Garc'ia-Mart'in, P. Hogeweg, Bhavin S. Khatri, J. Krug, A. Louis, N. Martin, Joshua L. Payne, M. Tarnowski, Marcel Weiß",https://arxiv.org/pdf/2002.00363
Graph neural network approaches for drug-target interactions.,"Zehong Zhang, Lifan Chen, Feisheng Zhong, Dingyan Wang, Jiaxin Jiang, Sulin Zhang, Hualiang Jiang, Mingyue Zheng, Xutong Li",
Key biological processes driving metastatic spread of pancreatic cancer as identified by multi-omics studies.,"T. L. Large, M. Bijlsma, G. Kazemier, H. Laarhoven, E. Giovannetti, E. Giovannetti, C. Jiménez",https://zenodo.org/record/40768
Feedback regulation in cell signalling: Lessons for cancer therapeutics.,"L. Nguyen, B. Kholodenko",http://hdl.handle.net/10197/9778
MyD88 Death-Domain Oligomerization Determines Myddosome Architecture: Implications for Toll-like Receptor Signaling,"M. Moncrieffe, D. Bollschweiler, Bing Li, P. Penczek, L. Hopkins, C. Bryant, D. Klenerman, N. Gay",http://www.cell.com/article/S0969212620300034/pdf
A Dynamical Paradigm for Molecular Cell Biology,"J. Tyson, B. Novák",
New Insights into CDK Regulators: Novel Opportunities for Cancer Therapy.,"Marina Bury, B. Le Calvé, G. Ferbeyre, V. Blank, Frédéric Lessard",
Proteome-scale human interactomics,"Katja Luck, Gloria M. Sheynkman, Ivy Zhang, M. Vidal",
"Modularity, Context-Dependence, and Insulation in Engineered Biological Circuits",Domitilla Del Vecchio,
A Network Neuroscience of Human Learning: Potential To Inform Quantitative Theories of Brain and Behavior,"D. Bassett, M. Mattar",
Hierarchical Functional System Development Supports Executive Function,"Arielle S. Keller, Valerie J. Sydnor, Adam R. Pines, D. Fair, D. Bassett, T. Satterthwaite",
SMC Complexes: Universal DNA Looping Machines with Distinct Regulators.,"M. S. van Ruiten, B. Rowland",
On the molecular mechanisms regulating animal cell size homeostasis,"E. Zatulovskiy, J. Skotheim",
"Cortical disinhibitory circuits: cell types, connectivity and function.","K. Kullander, L. Topolnik",
Lateral Root Formation in Arabidopsis: A Well-Ordered LRexit.,"Jason Banda, Kevin Bellande, Daniel von Wangenheim, T. Goh, Soazig Guyomarc’h, L. Laplaze, M. Bennett",http://www.cell.com/article/S1360138519301621/pdf
MAPK and PI3K Signaling: at the Crossroads of Neural Crest Development,"Colin J. Dinsmore, Philippe Soriano",
Automated engineering of synthetic metabolic pathways for efficient association to reaction rules.biomanufacturing.,"Irene Otero-Muras, Pablo Carbonell",
A Synthetic Mammalian Therapeutic Gene Circuit for Sensing and Suppressing Inflammation.,"Anže Smole, D. Lainšček, Urban Bezeljak, S. Horvat, R. Jerala",http://www.cell.com/article/S152500161645358X/pdf
Expanding Biosensing Abilities through Computer-Aided Design of Metabolic Pathways.,"Vincent K Libis, Baudoin Delépine, J. Faulon",
Spatial Organization of Metabolic Enzyme Complexes in Cells,"Danielle L. Schmitt, S. An",https://europepmc.org/articles/pmc5574030?pdf=render
Antifungal Drug Resistance: Molecular Mechanisms in Candida albicans and Beyond,"Yunjin Lee, Emily Puumala, Nicole Robbins, L. Cowen",
Characterizing Endogenous Protein Complexes with Biological Mass Spectrometry,"Rivkah Rogawski, M. Sharon",https://pubs.acs.org/doi/pdf/10.1021/acs.chemrev.1c00217
Principles and Applications of Nucleic Acid Strand Displacement Reactions.,"F. Simmel, B. Yurke, H. R. Singh",
Age and Sex Effects on Plasma Metabolite Association Networks in Healthy Subjects.,"A. Vignoli, L. Tenori, C. Luchinat, E. Saccenti",
Minimizing Context Dependency of Gene Networks Using Artificial Cells.,"Yunfeng Ding, L. E. Contreras-Llano, E. Morris, Michelle Mao, Cheemeng Tan",
Using RNA as Molecular Code for Programming Cellular Function.,"Manish Kushwaha, William Rostain, S. Prakash, John N. Duncan, A. Jaramillo",https://doi.org/10.1021/acssynbio.5b00297
In-Silico Analysis and Implementation of a Multicellular Feedback Control Strategy in a Synthetic Bacterial Consortium.,"G. Fiore, Antoni Matyjaszkiewicz, Fabio Annunziata, C. Grierson, N. Savery, L. Marucci, M. di Bernardo",
Network-Based Combinatorial CRISPR-Cas9 Screens Identify Synergistic Modules in Human Cells.,"Yucheng Guo, Chen Bao, Dacheng Ma, Yubing Cao, Yanda Li, Zhen Xie, Shao Li",
Real-Time Imaging of Single-Molecule Enzyme Cascade Using a DNA Origami Raft.,"Lele Sun, Yanjing Gao, Yan Xu, J. Chao, Huajie Liu, Lianhui Wang, Di Li, C. Fan",
Probing Single Molecule Binding and Free Energy Profile with Plasmonic Imaging of Nanoparticles.,"Hui Wang, Zhuodong Tang, Yan Wang, Guangzhong Ma, N. Tao",
Sociohydrology: Scientific Challenges in Addressing the Sustainable Development Goals,"G. di Baldassarre, M. Sivapalan, Maria Rusca, C. Cudennec, Margaret Garcia, H. Kreibich, M. Konar, E. Mondino, J. Mård, S. Pande, M. Sanderson, F. Tian, A. Viglione, Jing Wei, Yongping Wei, David J. Yu, V. Srinivasan, G. Blöschl",https://onlinelibrary.wiley.com/doi/pdfdirect/10.1029/2018WR023901
Membrane identity and GTPase cascades regulated by toggle and cut-out switches,Perla Del Conte-Zerial; Lutz Brusch; Jochen C. Rink; Claudio Collinet; Yannis Kalaidzidis; Marino Zerial; Andreas Deutsch,https://onlinelibrary.wiley.com/doi/pdfdirect/10.1038/msb.2008.45
Modular Cell Biology: Retroactivity and Insulation,"Domitilla Del Vecchio, Alexander J. Ninfa, Eduardo D. Sontag",
Panorama of ancient metazoan macromolecular complexes,"Cuihong Wan, Blake Borgeson, S. Phanse, Fan Tu, K. Drew, Greg W. Clark, Xuejian Xiong, O. Kagan, Julian H. Kwan, Alexandr Berzginov, Kyle Chessman, S. Pal, Graham L. Cromar, Ophelia Papoulas, Z. Ni, D. Boutz, Snejana Stoilova, P. Havugimana, Xinghua Guo, Ramy H. Malty, M. Sarov, J. Greenblatt, M. Babu, Brent Derry, E. Tillier, John B. Wallingford, J. Parkinson, E. Marcotte, A. Emili",
Control of mitochondrial function and cell growth by the atypical cadherin Fat1,"Longyue L. Cao, Dario F. Riascos-Bernal, P. Chinnasamy, C. Dunaway, R. Hou, Mario Pujato, brian P. o’rourke, V. Miskolci, Liang Guo, L. Hodgson, A. Fiser, N. Sibinga",
Architecture of the human interactome defines protein communities and disease networks,"Edward L. Huttlin, Raphael J. Bruckner, J. Paulo, Joe R. Cannon, Lily Ting, Kurt Baltier, G. Colby, Fana Gebreab, Melanie P. Gygi, Hannah Parzen, John Szpyt, Stanley Tam, G. Zárraga, Laura Pontano-Vaites, Sharan Swarup, A. White, Devin K. Schweppe, R. Rad, B. Erickson, R. Obar, R. Obar, K. G. Guruharsha, Kejie Li, S. Artavanis-Tsakonas, S. Artavanis-Tsakonas, S. Gygi, J. Harper",
A Load Driver Device for Engineering Modularity in Biological Networks,"Deepak Mishra, Phillip M. Rivera, Allen Lin, Domitilla Del Vecchio, Ron Weiss",
Engineering genetic circuit interactions within and between synthetic minimal cells,"K. Adamala, D. Martin-Alarcon, Katriona R. Guthrie-Honea, E. Boyden",
Identification of cancer cytotoxic modulators of PDE3A by predictive chemogenomics,"L. de Waal, T. Lewis, M. Rees, Aviad Tsherniak, Xiaoyun Wu, P. Choi, Lara N. Gechijian, Christina R. Hartigan, Patrick W. Faloon, Mark Hickey, N. Tolliday, S. Carr, P. Clemons, B. Muñoz, B. Wagner, Alykhan F. Shamji, A. Koehler, M. Schenone, A. Burgin, S. Schreiber, H. Greulich, M. Meyerson",
Using deep learning to model the hierarchical structure and function of a cell,"Jianzhu Ma, M. Yu, Samson H. Fong, K. Ono, Eric Sage, Barry Demchak, Roded Sharan, T. Ideker",
Biphasic growth dynamics control cell division in Caulobacter crescentus,"Shiladitya Banerjee, Klevin Lo, M. Daddysman, A. Selewa, T. Kuntz, A. Dinner, N. Scherer",
Aberrant maturation and connectivity of prefrontal cortex in schizophrenia – contribution of NMDA receptor development and hypofunction,"Wen-Jun Gao, Sha-sha Yang, Nancy R. Mack, Linda A. Chamberlin",
Cell–cell communication: new insights and clinical implications,"Jimeng Su, Ying Song, Zhipeng Zhu, Xinyue Huang, Jibiao Fan, J. Qiao, Fengbiao Mao",https://pmc.ncbi.nlm.nih.gov/articles/PMC11382761/pdf/41392_2024_Article_1888.pdf
Transcriptional regulatory framework for vascular cambium development in Arabidopsis roots,"Jing Zhang, Gugan Eswaran, Juan Alonso-Serra, Melis Kucukoglu, Jiale Xiang, Weibing Yang, A. Elo, K. Nieminen, Teddy Damén, Je-Gun Joung, Jae-Young Yun, Jung-Hun Lee, L. Ragni, Pierre Barbier de Reuille, S. Ahnert, Ji-Young Lee, Ari Pekka Mähönen, Ykä Helariutta",
Integrated Multi-omic Framework of the Plant Response to Jasmonic Acid,"Mark Zander, Mathew G. Lewsey, Natalie M. Clark, Lingling Yin, Anna Bartlett, J. P. Saldierna Guzmán, E. Hann, Amber E Langford, Bruce Jow, Aaron Wise, Joseph R. Nery, Huaming Chen, Z. Bar-joseph, J. Walley, R. Solano, J. Ecker",
A census of pathway maps in cancer systems biology,"B. Kuenzi, T. Ideker",
CRISPR-based genomic tools for the manipulation of genetically intractable microorganisms,"Rebecca S. Shapiro, Alejandro Chavez, J. Collins",
Genomic Regulation of Transcription and RNA Processing by the Multitasking Integrator Complex,"S. A. Welsh, Alessandro Gardini",
Conserved cell types with divergent features in human versus mouse cortex,"R. Hodge, Trygve E Bakken, Jeremy A. Miller, Kimberly A. Smith, Eliza R. Barkan, Lucas T. Graybuck, J. Close, Brian R. Long, Nelson J. Johansen, O. Penn, Z. Yao, J. Eggermont, T. Höllt, Boaz P. Levi, Soraya I Shehata, B. Aevermann, Allison Beller, Darren Bertagnolli, Krissy Brouner, Tamara Casper, C. Cobbs, R. Dalley, N. Dee, S. Ding, R. Ellenbogen, Olivia Fong, Emma J. Garren, Jeff Goldy, R. Gwinn, Daniel Hirschstein, C. Keene, Mohamed Keshk, A. Ko, K. Lathia, A. Mahfouz, Zoe Maltzer, M. McGraw, T. Nguyen, J. Nyhus, J. Ojemann, Aaron Oldre, Sheana E. Parry, Shannon Reynolds, Christine Rimorin, N. Shapovalova, Saroja Somasundaram, A. Szafer, Elliot R. Thomsen, Michael Tieu, G. Quon, R. Scheuermann, R. Yuste, S. Sunkin, B. Lelieveldt, David Feng, L. Ng, Amy Bernard, M. Hawrylycz, John W. Phillips, Bosiljka Tasic, Hongkui Zeng, Allan R. Jones, C. Koch, E. Lein",
Genome architecture and stability in the S. cerevisiae knockout collection,"Fabio Puddu, Mareike Herzog, A. Selivanova, Siyue Wang, Jin Zhu, Shir Klein-Lavi, M. Gordon, Roi Meirman, Gonzalo Millán-Zambrano, I. Ayestaran, I. Salguero, Roded Sharan, Rong Li, M. Kupiec, S. Jackson",https://www.repository.cam.ac.uk/handle/1810/295816
The structural basis for cohesin-CTCF anchored loops,"Yan Li, Judith H. I. Haarhuis, Ángela Sedeño Cacciatore, Roel Oldenkamp, M. S. van Ruiten, Laureen Willems, Hans Teunissen, K. Muir, E. de Wit, B. Rowland, D. Panne",
The functional proteome landscape of Escherichia coli,"A. Mateus, Johannes F. Hevler, Jacob Bobonis, N. Kurzawa, Malay Shah, Karin Mitosch, Camille V. Goemans, D. Helm, F. Stein, Athanasios Typas, Mikhail M. Savitski",
Single-cell multiregion dissection of Alzheimer’s disease,"Hansruedi Mathys, Carles A. Boix, L. Akay, Ziting Xia, J. Dávila-Velderrain, Ayesha P. Ng, Xueqiao Jiang, Ghada Abdelhady, K. Galani, Julio Mantero, Neil Band, Benjamin T. James, Sudhagar Babu, Fabiola Galiana-Melendez, Kate Louderback, D. Prokopenko, Rudolph E. Tanzi, David A. A. Bennett, Li-Huei Tsai, M. Kellis",
A genome-wide atlas of co-essential modules assigns function to uncharacterized genes,"Michael Wainberg, Roarke A. Kamber, Akshay Balsubramani, R. Meyers, Nicholas A. Sinnott-Armstrong, Daniel Hornburg, Lihua Jiang, Joanne Chan, Ruiqi Jian, Mingxin Gu, A. Shcherbina, Michael M. Dubreuil, Kaitlyn Spees, W. Meuleman, M. Snyder, M. Bassik, Anshul B Kundaje",
Ribosome stalling during selenoprotein translation exposes a ferroptosis vulnerability,"Zhipeng Li, Lucas Ferguson, Kirandeep K. Deol, Melissa A. Roberts, Leslie Magtanong, Joseph M. Hendricks, G. Mousa, S. Kilinc, K. Schaefer, James A. Wells, M. Bassik, Andrei Goga, S. Dixon, Nicholas T. Ingolia, James A. Olzmann",
An enhanced CRISPR repressor for targeted mammalian gene regulation,"N. C. Yeo, Alejandro Chavez, Alissa Lance-Byrne, Y. Chan, David J. Menn, Denitsa Milanova, Chih-Chung Kuo, Xiaoge Guo, Sumana Sharma, Angela Tung, Ryan J. Cecchi, Marcelle Tuttle, Swechchha Pradhan, Elaine T. Lim, Noah Davidsohn, M. Ebrahimkhani, J. Collins, N. Lewis, S. Kiani, G. Church",
EPIC: Software Toolkit for Elution Profile-Based Inference of Protein Complexes,"L. Hu, Florian Goebels, June H. Tan, Eric J. Wolf, Uros Kuzmanov, Cuihong Wan, S. Phanse, Changjiang Xu, M. Schertzberg, A. Fraser, Gary D Bader, A. Emili",
Circuit and molecular architecture of a ventral hippocampal network,"Mark M. Gergues, Kasey Han, Hye Sun Choi, Brandon Brown, Kelsey J. Clausing, Victoria S. Turner, I. Vainchtein, A. Molofsky, M. Kheirbek",
Integrating barcoded neuroanatomy with spatial transcriptional profiling enables identification of gene correlates of projections,"Yu-Chi Sun, Xiaoyin Chen, Stephan Fischer, Shaina Lu, Huiqing Zhan, J. Gillis, A. Zador",
A folded conformation of MukBEF and cohesin,"Frank Bürmann, Byung-Gil Lee, Thane Than, L. Sinn, Francis J. O’Reilly, S. Yatskevich, J. Rappsilber, Bin Hu, K. Nasmyth, J. Löwe",
Bromodomain biology and drug discovery,"Nilesh Zaware, Ming‐Ming Zhou",
Cryo-EM structures of holo condensin reveal a subunit flip-flop mechanism,"Byung-Gil Lee, F. Merkel, M. Allegretti, M. Hassler, C. Cawood, Léa Lecomte, Francis J. O’Reilly, L. Sinn, P. Gutierrez-Escribano, M. Kschonsak, Sol Bravo, T. Nakane, J. Rappsilber, L. Aragón, Martin Beck, J. Löwe, C. Haering",
Model organism data evolving in support of translational medicine,"D. Howe, J. Blake, Yvonne M. Bradford, C. Bult, B. Calvi, S. Engel, J. Kadin, Thomas Kaufman, R. Kishore, S. Laulederkind, S. Lewis, S. Moxon, J. Richardson, Cynthia L. Smith",
Emergent Hyperbolic Network Geometry,"G. Bianconi, C. Rahmede",https://arxiv.org/pdf/1607.05710
Inhibition of RAF dimers: it takes two to tango,"F. Cook, S. Cook",https://portlandpress.com/biochemsoctrans/article-pdf/49/1/237/904999/bst-2020-0485c.pdf
Systems biology primer: the basic methods and approaches.,"I. Tavassoly, Joseph Goldfarb, R. Iyengar",
Complexity and Modularity of Intracellular Networks: A Systematic Approach for Modelling and Simulation,"Ion I. Moraru, Michael L. Blinov, Oliver Ruebenacker",
Modular organization of cellular networks,"Alexander W. Rives, Timothy Galitski",https://www.pnas.org/doi/pdf/10.1073/pnas.0237338100
Spontaneous Evolution of Modularity and Network Motifs,"Nadav Kashtan, Uri Alon",
Empirical Inference of Circuitry and Plasticity in a Kinase Signaling Network,"Edmund H. Wilkes, Camille Terfve, John G. Gribben, Julio Saez-Rodriguez, Pedro Rodriguez Cutillas",
The modular and integrative functional architecture of the human brain,"Maxwell A. Bertolero, B. Yeo, M. Esposito, M. Gazzaniga",https://www.pnas.org/content/pnas/112/49/E6798.full.pdf
Dynamic brain network reconfiguration as a potential schizophrenia genetic risk mechanism modulated by NMDA receptor function,"U. Braun, Axel Schäfer, D. Bassett, F. Rausch, J. Schweiger, E. Bilek, S. Erk, N. Romanczuk-Seiferth, O. Grimm, Lena S. Geiger, L. Haddad, Kristina Otto, S. Mohnke, A. Heinz, M. Zink, H. Walter, E. Schwarz, A. Meyer-Lindenberg, H. Tost",https://www.pnas.org/content/pnas/113/44/12568.full.pdf
Endocytosis as a stabilizing mechanism for tissue homeostasis,"Miri Adler, A. Mayo, Xu Zhou, R. A. Franklin, J. Jacox, R. Medzhitov, U. Alon",https://www.pnas.org/content/pnas/115/8/E1926.full.pdf
Predicting Perturbation Patterns from the Topology of Biological Networks,"Marc Santolini, Albert-László Barabási",https://www.pnas.org/content/pnas/115/27/E6375.full.pdf
Knowledge infrastructure and safe operating spaces in social–ecological systems,"J. Anderies, J. Mathias, M. Janssen",https://www.pnas.org/content/pnas/116/12/5277.full.pdf
Functional and evolutionary characterization of a secondary metabolite gene cluster in budding yeasts,"David J Krause, Jacek Kominek, D. A. Opulente, Xing‐Xing Shen, Xiaofan Zhou, Q. K. Langdon, Jeremy H. DeVirgilio, A. B. Hulfachor, C. Kurtzman, A. Rokas, C. T. Hittinger",https://www.pnas.org/content/pnas/115/43/11030.full.pdf
Cell size control driven by the circadian clock and environment in cyanobacteria,"Bruno M. C. Martins, Amy K. Tooke, Philipp Thomas, James C. W. Locke",https://www.pnas.org/content/pnas/115/48/E11415.full.pdf
Multimodal gradients across mouse cortex,"Ben D. Fulcher, J. Murray, V. Zerbi, Xiao-Jing Wang",https://www.pnas.org/content/pnas/116/10/4689.full.pdf
Possible cooption of a VEGF-driven tubulogenesis program for biomineralization in echinoderms,"M. Morgulis, Tsvia Gildor, Modi Roopin, Noa Sher, Assaf Malik, Maya Lalzar, M. Dines, Shlomo Ben-Tabou de-Leon, Lama Khalaily, Smadar Ben‐Tabou de‐Leon",https://www.pnas.org/content/pnas/116/25/12353.full.pdf
Environment-to-phenotype mapping and adaptation strategies in varying environments,"BingKan Xue, P. Sartori, S. Leibler",
Redox-dependent gating of VDAC by mitoNEET,"C. H. Lipper, J. Stofleth, F. Bai, Y. Sohn, Susmita Roy, R. Mittler, R. Nechushtai, J. Onuchic, P. Jennings",https://www.pnas.org/content/pnas/116/40/19924.full.pdf
Lessons from equilibrium statistical physics regarding the assembly of protein complexes,"P. Sartori, S. Leibler",https://www.pnas.org/content/pnas/117/1/114.full.pdf
Graded regulation of cellular quiescence depth between proliferation and senescence by a lysosomal dimmer switch,"Kotaro Fujimaki, Ruoyan Li, Hengyu Chen, K. Della Croce, H. H. Zhang, Jianhua Xing, F. Bai, Guang Yao",https://www.pnas.org/content/pnas/116/45/22624.full.pdf
Protein interaction landscapes revealed by advanced in vivo cross-linking–mass spectrometry,"Andrew J Wheat, Clinton Yu, Xiaorong Wang, A. Burke, Ilan E. Chemmama, Robyn M. Kaake, Peter R Baker, S. Rychnovsky, Jing Yang, Lan Huang",
Network medicine framework for identifying drug-repurposing opportunities for COVID-19,"D. Gysi, Ì. Valle, M. Zitnik, Asher Ameli, Xiao Gan, Onur Varol, Helia Sanchez, R. Baron, D. Ghiassian, J. Loscalzo, A. Barabási",https://arxiv.org/pdf/2004.07229
Identification of EMT signaling cross-talk and gene regulatory networks by single-cell RNA sequencing,"Abhijeet P. Deshmukh, S. Vasaikar, Katarzyna Tomczak, Shubham Tripathi, P. den Hollander, Emre Arslan, Priyanka Chakraborty, R. Soundararajan, M. Jolly, Kunal Rai, H. Levine, Sendurai A Mani",
Genome-scale metabolic network reconstruction of model animals as a platform for translational research,"Hao Wang, Jonathan L. Robinson, Pınar Kocabaş, Johan Gustafsson, Mihail Anton, Pierre-Etienne Cholley, Shan Huang, J. Gobom, T. Svensson, M. Uhlén, H. Zetterberg, J. Nielsen",https://doi.org/10.1073/pnas.2102344118
A genetic mammalian proportional–integral feedback control circuit for robust and precise gene regulation,"T. Frei, Ching-Hsiang Chang, M. Filo, A. Arampatzis, M. Khammash",
Is stochastic thermodynamics the key to understanding the energy costs of computation?,"David H. Wolpert, Jan Korbel, Christopher W. Lynn, Farita Tasnim, Joshua A. Grochow, Gulce Kardecs, J. Aimone, Vijay Balasubramanian, Eric De Giuli, David Doty, Nahuel Freitas, Matteo Marsili, T. Ouldridge, A. Richa, P. Riechers, 'Edgar Rold'an, B. Rubenstein, Zoltán Toroczkai, J. Paradiso",https://pmc.ncbi.nlm.nih.gov/articles/PMC11551414/pdf/pnas.202321112.pdf
Receptor Level Mechanisms Are Required for Epidermal Growth Factor (EGF)-stimulated Extracellular Signal-regulated Kinase (ERK) Activity Pulses*,"B. Sparta, M. Pargett, M. Minguet, Kevin Distor, George R. R. Bell, J. Albeck",http://www.jbc.org/article/S002192582044606X/pdf
Identification of a multienzyme complex for glucose metabolism in living cells,"C. Kohnhorst, M. Kyoung, Miji Jeon, Danielle L. Schmitt, Erin L. Kennedy, J. Ramírez, Syrena Bracey, B. Luu, Sarah J. Russell, S. An",http://www.jbc.org/article/S0021925820427176/pdf
Proteome Profiling Outperforms Transcriptome Profiling for Coexpression Based Gene Function Prediction,"Jing Wang, Jing Wang, Zihao Ma, S. Carr, Philipp Mertins, Hui Zhang, Zhen Zhang, Daniel W. Chan, M. Ellis, R. Townsend, Richard D. Smith, J. Mcdermott, Xian Chen, A. Paulovich, Emily Boja, M. Mesri, C. Kinsinger, H. Rodriguez, K. Rodland, D. Liebler, Bing Zhang, Bing Zhang",https://www.mcponline.org/content/mcprot/16/1/121.full.pdf
Unique Variable Analysis: A Network Psychometrics Method to Detect Local Dependence,"A. Christensen, L. E. Garrido, Hudson F. Golino",
Human de novo Purine Biosynthesis,"V. Pareek, Anthony M. Pedley, S. Benkovic",
"Update on BRAF and MEK inhibition for treatment of melanoma in metastatic, unresectable, and adjuvant settings","K. Broman, Lesly A. Dossett, James X. Sun, Z. Eroglu, J. Zager",
Spatial and temporal signal processing and decision making by MAPK pathways,"O. Atay, J. Skotheim",https://rupress.org/jcb/article-pdf/216/2/317/1403908/jcb_201609124.pdf
ESCRT-III is required for scissioning new peroxisomes from the endoplasmic reticulum,"Fred D. Mast, T. Herricks, Kathleen M. Strehler, Leslie R. Miller, R. Saleem, R. Rachubinski, J. Aitchison",https://rupress.org/jcb/article-pdf/217/6/2087/1066872/jcb_201706044.pdf
A quantitative map of human Condensins provides new insights into mitotic chromosome architecture,"Nike Walther, M. J. Hossain, A. Politi, Birgit Koch, M. Kueblbeck, Ø. Ødegård-Fougner, M. Lampe, J. Ellenberg",https://rupress.org/jcb/article-pdf/217/7/2309/1379210/jcb_201801048.pdf
Game Changer: The Topology of Creativity1,"Mathijs de Vaan, D. Stark, B. Vedres",https://doi.org/10.17323/1726-3247-2016-4-53-99
Thermodynamics of computing with circuits,"D. Wolpert, Artemy Kolchinsky",https://iopscience.iop.org/article/10.1088/1367-2630/ab82b8/pdf
Operating principles of tristable circuits regulating cellular differentiation,"D. Jia, M. Jolly, W. Harrison, Marcelo Boareto, E. Ben-Jacob, H. Levine",
Redox Systems Biology: Harnessing the Sentinels of the Cysteine Redoxome,Jason M. Held,https://www.liebertpub.com/doi/pdf/10.1089/ars.2019.7725
Network analyses in microbiome based on high-throughput multi-omics data,"Zhaoqian Liu, A. Ma, E. Mathé, M. Merling, Qin Ma, Bingqiang Liu",https://academic.oup.com/bib/article-pdf/22/2/1639/36654613/bbaa005.pdf
Microbes and complex diseases: from experimental results to computational models,"Yan Zhao, Chun-Chun Wang, Xing Chen",https://academic.oup.com/bib/article-pdf/22/6/bbab286/41088086/bbab286.pdf
NetCoMi: network construction and comparison for microbiome data in R,"S. Peschel, Christian L. Müller, E. von Mutius, A. Boulesteix, M. Depner",https://academic.oup.com/bib/article-pdf/22/4/bbaa290/39129182/bbaa290.pdf
MDA-GCNFTG: identifying miRNA-disease associations based on graph convolutional networks via graph sampling through the feature and topology graph,"Yanyi Chu, Xuhong Wang, Qiuying Dai, Yanjing Wang, Qiankun Wang, Shaoliang Peng, Xiaoyong Wei, Jingfei Qiu, D. Salahub, Y. Xiong, Dongqing Wei",
Machine learning for synergistic network pharmacology: a comprehensive overview,"F. Noor, Muhammad Asif, U. Ashfaq, M. Qasim, Muhammad Tahir ul Qamar",
HimGNN: a novel hierarchical molecular graph representation learning framework for property prediction,"Shen Han, Haitao Fu, Yuyang Wu, Gang Zhao, Zhenyu Song, Feng Huang, Zhongfei Zhang, Shichao Liu, Wen Zhang",https://academic.oup.com/bib/article-pdf/24/5/bbad305/51711324/bbad305.pdf
Survey of local and global biological network alignment: the need to reconcile the two sides of the same coin,"P. Guzzi, T. Milenković",https://academic.oup.com/bib/article-pdf/19/3/472/25603360/bbw132.pdf
It is time to apply biclustering: a comprehensive review of biclustering applications in biological and biomedical data,"Juan Xie, A. Ma, A. Fennell, Q. Ma, Jing Zhao",https://europepmc.org/articles/pmc6931057?pdf=render
New insights on human essential genes based on integrated analysis and the construction of the HEGIAP web-based platform,"Hebing Chen, Zhuo Zhang, Shuai Jiang, Ruijiang Li, Wanying Li, Chenghui Zhao, Hao Hong, Xin Huang, Hao Li, Xiaochen Bo",https://academic.oup.com/bib/advance-article-pdf/doi/10.1093/bib/bbz072/29163018/bbz072.pdf
Current and future directions in network biology,"M. Zitnik, Michelle M. Li, Aydin Wells, Kimberly Glass, D. Gysi, Arjun Krishnan, T. M. Murali, P. Radivojac, Sushmita Roy, A. Baudot, S. Bozdag, D. Chen, L. Cowen, K. Devkota, A. Gitter, S. Gosline, Pengfei Gu, P. Guzzi, Heng Huang, Meng Jiang, Ziynet Nesibe Kesimoglu, M. Koyuturk, Jian Ma, Alexander R. Pico, Natavsa Prvzulj, T. Przytycka, Benjamin J. Raphael, Anna M. Ritz, Roded Sharan, Yang Shen, Mona Singh, D. Slonim, Hanghang Tong, Xinan Yang, Byung-Jun Yoon, Haiyuan Yu, Tijana Milenkovic",https://digital.library.unt.edu/ark:/67531/metadc2376790/m2/1/high_res_d/vbae099.pdf
A graph regularized generalized matrix factorization model for predicting links in biomedical bipartite networks,"Ziyan Zhang, Xiao-Fei Zhang, Min Wu, L. Ou-Yang, Xingming Zhao, Xiaoli Li",https://academic.oup.com/bioinformatics/article-pdf/36/11/3474/33329309/btaa157.pdf
Toward heterogeneous information fusion: bipartite graph convolutional networks for in silico drug repurposing,"Zichen Wang, Mu Zhou, Corey R. Arnold",https://academic.oup.com/bioinformatics/article-pdf/36/Supplement_1/i525/33488854/btaa437.pdf
HiSCF: leveraging higher-order structures for clustering analysis in biological networks,"Lun Hu, Jun Zhang, Xiangyu Pan, Hong Yan, Zhuhong You",
Computational Design of Synthetic Gene Circuits with Composable Parts,"Salvatore Marchisio, Jörg Stelling",https://academic.oup.com/bioinformatics/article-pdf/24/17/1903/49049285/bioinformatics_24_17_1903.pdf
L-GRAAL: Lagrangian graphlet-based network aligner,"N. Malod-Dognin, Natasa Przulj",https://academic.oup.com/bioinformatics/article-pdf/31/13/2182/49034737/bioinformatics_31_13_2182.pdf
Local versus global biological network alignment,"L. Meng, A. Striegel, T. Milenković",https://academic.oup.com/bioinformatics/article-pdf/32/20/3155/49021192/bioinformatics_32_20_3155.pdf
SANA: simulated annealing far outperforms many other search algorithms for biological network alignment,"Nil Mamano, W. Hayes",
Predicting multicellular function through multi-layer tissue networks,"M. Zitnik, J. Leskovec",https://academic.oup.com/bioinformatics/article-pdf/33/14/i190/25157097/btx252.pdf
HDAC6 is a therapeutic target in mutant GARS-induced Charcot-Marie-Tooth disease,"V. Benoy, Lawrence Van Helleputte, Robert Prior, C. d’Ydewalle, W. Haeck, Natasja Geens, W. Scheveneels, Begga Schevenels, M. Cader, K. Talbot, A. Kozikowski, P. Vanden Berghe, P. van Damme, W. Robberecht, L. Van Den Bosch",https://academic.oup.com/brain/article-pdf/141/3/673/25046344/awx375.pdf
Cascading failures in complex networks,"L. D. Valdez, L. Shekhtman, C. E. L. Rocca, Xin Zhang, S. Buldyrev, P. Trunfio, L. Braunstein, S. Havlin",https://academic.oup.com/comnet/article-pdf/8/2/cnaa013/33582729/cnaa013.pdf
The harmonizome: a collection of processed datasets gathered to serve and mine knowledge about genes and proteins,"Andrew D. Rouillard, Gregory W. Gundersen, Nicolas F. Fernandez, Zichen Wang, Caroline D. Monteiro, Michael G. McDermott, Avi Ma’ayan",
Carboxysomes: metabolic modules for CO2 fixation.,"Aiko Turmo, C. Gonzalez-Esquer, C. Kerfeld",https://academic.oup.com/femsle/article-pdf/364/18/fnx176/23929988/fnx176.pdf
"New data and collaborations at the Saccharomyces Genome Database: updated reference genome, alleles, and the Alliance of Genome Resources","S. Engel, E. Wong, R. Nash, Suzi A Aleksander, Micheal Alexander, Eric Douglass, K. Karra, S. Miyasato, Matt Simison, M. Skrzypek, S. Weng, J. Cherry",https://academic.oup.com/genetics/article-pdf/220/4/iyab224/44243466/iyab224.pdf
Bipartite graphs in systems biology and medicine: a survey of methods and applications,"Georgios A. Pavlopoulos, P. Kontou, Athanasia Pavlopoulou, Costas Bouyioukos, Evripides Markou, P. Bagos",https://academic.oup.com/gigascience/article-pdf/7/4/giy014/27504013/giy014.pdf
"The Biological Hierarchy, Time, and Temporal 'Omics in Evolutionary Biology: A Perspective","Anthony A. Snead, René D. Clark",https://academic.oup.com/icb/article-pdf/62/6/1872/48448115/icac138.pdf
What Is Stress? A Systems Perspective.,"M. Del Giudice, C. Buck, L. Chaby, B. M. Gormally, Conor C. Taff, Christopher J. Thawley, M. Vitousek, Haruka Wada",https://academic.oup.com/icb/article-pdf/58/6/1019/27083911/icy114.pdf
Trait multi-functionality in plant stress response.,"L. Sack, T. Buckley",https://academic.oup.com/icb/article-pdf/60/1/98/33549865/icz152.pdf
NRF2 activates a partial epithelial-mesenchymal transition and is maximally present in a hybrid epithelial/mesenchymal phenotype,"F. Bocci, Satyendra C Tripathi, Samuel A Vilchez Mercedes, Jason T. George, J. Casabar, P. Wong, S. Hanash, H. Levine, J. Onuchic, M. Jolly",https://academic.oup.com/ib/article-pdf/11/6/251/29110079/zyz021.pdf
Genetic and molecular basis of floral induction in Arabidopsis thaliana,"Atsuko Kinoshita, R. Richter",https://academic.oup.com/jxb/article-pdf/71/9/2490/33197496/eraa057.pdf
Gene regulatory networks controlled by FLOWERING LOCUS C that confer variation in seasonal flowering and life history,"E. Madrid, J. Chandler, G. Coupland",https://academic.oup.com/jxb/article-pdf/72/1/4/36180874/eraa216.pdf
Modular Evolution of the Drosophila Metabolome,"Benjamin R. Harrison, Jessica M. Hoffman, Ariana Samuelson, Daniel Raftery, Daniel E. L. Promislow",https://academic.oup.com/mbe/article-pdf/39/1/msab307/42201897/msab307.pdf
miRNet 2.0: network-based visual analytics for miRNA functional analysis and systems biology,"Le Chang, Guangyan Zhou, O. Soufan, J. Xia",https://academic.oup.com/nar/article-pdf/48/W1/W244/33433388/gkaa467.pdf
PaintOmics 4: new tools for the integrative analysis of multi-omics datasets supported by multiple pathway databases,"Tianyuan Liu, Pedro Salguero, M. Petek, Carlos Martínez-Mira, L. Balzano-Nogueira, Živa Ramšak, Lauren McIntyre, K. Gruden, Sonia Tarazona, A. Conesa",https://academic.oup.com/nar/article-pdf/50/W1/W551/44379470/gkac352.pdf
WebGestalt 2024: faster gene set analysis and new support for metabolomics and multi-omics,"John M. Elizarraras, Yuxing Liao, Zhiao Shi, Qian Zhu, A. R. Pico, Bing Zhang",https://academic.oup.com/nar/advance-article-pdf/doi/10.1093/nar/gkae456/57981030/gkae456.pdf
Dealing with the genetic load in bacterial synthetic biology circuits: convergences with the Ohm's law,"Max Carbonell-Ballestero, Max Carbonell-Ballestero, Eva Garcia-Ramallo, Eva Garcia-Ramallo, Raúl Montañez, Raúl Montañez, Carlos Rodríguez-Caso, Carlos Rodríguez-Caso, Javier Macía, Javier Macía",https://academic.oup.com/nar/article-pdf/44/1/496/25346193/gkv1280.pdf
Circular RNAs are long-lived and display only minimal early alterations in response to a growth factor,"Yehoshua Enuka, M. Lauriola, M. Feldman, A. Sas-Chen, I. Ulitsky, Y. Yarden",https://academic.oup.com/nar/article-pdf/44/3/1370/18786459/gkv1367.pdf
Babelomics 5.0: functional interpretation for new generations of genomic data,"Roberto Alonso, F. Salavert, F. García-García, J. Carbonell, M. Bleda, Luz Garcia-Alonso, Alba Sanchis-Juan, D. Perez-Gil, P. Marín-García, Rubén Sánchez, C. Çubuk, Marta R. Hidalgo, A. Amadoz, Rosa D. Hernansaiz-Ballesteros, A. Alemán, Joaquín Tárraga, D. Montaner, Ignacio Medina, J. Dopazo",https://academic.oup.com/nar/article-pdf/43/W1/W117/7476155/gkv384.pdf
"INGA: protein function prediction combining interaction networks, domain assignments and sequence similarity","D. Piovesan, Manuel Giollo, E. Leonardi, Carlo Ferrari, Silvio C. E. Tosatto",https://academic.oup.com/nar/article-pdf/43/W1/W134/7476434/gkv523.pdf
Enrichr: a comprehensive gene set enrichment analysis web server 2016 update,"Maxim V. Kuleshov, Matthew R. Jones, Andrew D. Rouillard, Nicolas F. Fernandez, Qiaonan Duan, Zichen Wang, Simon Koplev, Sherry L. Jenkins, Kathleen M. Jagodnik, Alexander Lachmann, Michael G. McDermott, Caroline D. Monteiro, Gregory W. Gundersen, Avi Ma’ayan",https://academic.oup.com/nar/article-pdf/44/W1/W90/18788036/gkw377.pdf
"The STRING database in 2017: quality-controlled protein–protein association networks, made broadly accessible","Damian Szklarczyk, J. Morris, H. Cook, Michael Kuhn, S. Wyder, M. Simonovic, Alberto Santos, N. Doncheva, Alexander C. J. Roth, P. Bork, L. Jensen, C. V. Mering",https://academic.oup.com/nar/article-pdf/45/D1/D362/8847225/gkw937.pdf
Protein complex scaffolding predicted as a prevalent function of long non-coding RNAs,"D. Ribeiro, Andreas Zanzoni, A. Cipriano, Riccardo Delli Ponti, Lionel Spinelli, M. Ballarino, I. Bozzoni, G. Tartaglia, C. Brun",https://academic.oup.com/nar/article-pdf/46/2/917/23595321/gkx1169.pdf
"WebGestalt 2017: a more comprehensive, powerful, flexible and interactive gene set enrichment analysis toolkit","Jing Wang, S. Vasaikar, Zhiao Shi, M. Greer, Bing Zhang",https://academic.oup.com/nar/article-pdf/45/W1/W130/18137438/gkx356.pdf
Crosstalk between histone modifications indicates that inhibition of arginine methyltransferase CARM1 activity reverses HIV latency,"Zheng Zhang, B. Nikolai, Leah A. Gates, S. Jung, E. Siwak, B. He, A. P. Rice, B. O’Malley, Qin Feng",https://academic.oup.com/nar/article-pdf/45/16/9348/23461132/gkx550.pdf
The MRPP1/MRPP2 complex is a tRNA-maturation platform in human mitochondria,"L. Reinhard, S. Sridhara, B. Martin Hällberg",https://academic.oup.com/nar/article-pdf/45/21/12469/22146367/gkx902.pdf
The BioGRID interaction database: 2019 update,"R. Oughtred, Chris Stark, Bobby-Joe Breitkreutz, J. Rust, Lorrie Boucher, Christie S. Chang, Nadine Kolas, Lara O'Donnell, Genie Leung, Rochelle McAdam, Frederick Zhang, Sonam Dolma, A. Willems, J. Coulombe-Huntington, A. Chatr-aryamontri, K. Dolinski, M. Tyers",
"STRING v11: protein–protein association networks with increased coverage, supporting functional discovery in genome-wide experimental datasets","Damian Szklarczyk, Annika L. Gable, D. Lyon, Alexander Junge, S. Wyder, J. Huerta-Cepas, M. Simonovic, N. Doncheva, J. Morris, P. Bork, L. Jensen, C. V. Mering",https://academic.oup.com/nar/article-pdf/47/D1/D607/27437323/gky1131.pdf
Representing the Process of Inflammation as Key Events in Adverse Outcome Pathways.,"D. Villeneuve, B. Landesmann, P. Allavena, N. Ashley, A. Bal-Price, E. Corsini, S. Halappanavar, T. Hussell, D. Laskin, T. Lawrence, D. Nikolic-Paterson, M. Pallardy, A. Paini, R. Pieters, R. Roth, F. Tschudi-Monnet",https://academic.oup.com/toxsci/article-pdf/163/2/346/24935225/kfy047.pdf
Network morphospace,"Andrea Avena-Koenigsberger, J. Goñi, R. Solé, O. Sporns",https://royalsocietypublishing.org/doi/pdf/10.1098/rsif.2014.0881
Synthetic biology and regulatory networks: where metabolic systems biology meets control engineering,"Fei He, Ettore Murabito, H. Westerhoff",https://royalsocietypublishing.org/doi/pdf/10.1098/rsif.2015.1046
Control theory meets synthetic biology,"Domitilla Del Vecchio, Aaron J. Dy, Y. Qian",https://royalsocietypublishing.org/doi/pdf/10.1098/rsif.2016.0380
Control and Regulation of Pathways via Negative Feedback,Herbert M. Sauro,https://royalsocietypublishing.org/doi/pdf/10.1098/rsif.2016.0848
Modularity of biological systems: a link between structure and function,"Claus Kadelka, Miroslav Brozovsky, Tung Dinh, Brandon Wheeler, Alan Veliz-Cuba, Reinhard Laubenbacher",https://pmc.ncbi.nlm.nih.gov/articles/PMC10598444/pdf/rsif.2023.0505.pdf
The Evolutionary Origins of Modularity,"Jeff Clune, Jean-Baptiste Mouret, Hod Lipson",https://royalsocietypublishing.org/doi/pdf/10.1098/rspb.2012.2863
The Origins and Evolution of Functional Modules: Lessons from Protein Complexes,"José B. Pereira-Leal, Emmanuel D. Levy, Sarah A. Teichmann",
Analysis of noise mechanisms in cell size control,"Saurabh Modi, C. A. Vargas-Garcia, K. Ghusinga, Abhyudai Singh",http://www.cell.com/article/S0006349517305003/pdf
Resource Competition Shapes the Response of Genetic Circuits,"Y. Qian, Hsin-Ho Huang, José I. Jiménez, Domitilla Del Vecchio",
Dual Proteome-scale Networks Reveal Cell-specific Remodeling of the Human Interactome,"Edward L. Huttlin, Raphael J. Bruckner, José Navarrete-Perea, Joe R. Cannon, Kurt Baltier, Fana Gebreab, Melanie P. Gygi, Alexandra Thornock, G. Zárraga, Stanley Tam, John Szpyt, Brandon M. Gassaway, A. Panov, Hannah Parzen, Sipei Fu, Arvene Golbazi, E. Maenpaa, Keegan Stricker, S. Guha Thakurta, Tian Zhang, R. Rad, Joshua Pan, David P. Nusinow, J. Paulo, Devin K. Schweppe, L. P. Vaites, J. Harper, S. Gygi",http://www.cell.com/article/S0092867421004463/pdf
An integrated transcriptomic and epigenomic atlas of mouse primary motor cortex cell types,"Z. Yao, Hanqing Liu, Fangming Xie, Stephan Fischer, A. S. Booeshaghi, Ricky S. Adkins, Andrew I. Aldridge, S. Ament, A. Pinto-Duarte, Anna Bartlett, M. Behrens, K. Van den Berge, Darren Bertagnolli, Tommasso Biancalani, H. C. Bravo, Tamara Casper, C. Colantuoni, H. Creasy, Kirsten Crichton, M. Crow, N. Dee, Elizabeth L. Dougherty, Wayne I. Doyle, S. Dudoit, Rongxin Fang, V. Felix, Olivia Fong, M. Giglio, Jeff Goldy, M. Hawrylycz, Hector Roux de Bézieux, Brian R. Herb, R. Hertzano, Xiaomeng Hou, Qiwen Hu, J. Crabtree, Jayaram Kancherla, Matthew Kroll, K. Lathia, Y. Li, J. Lucero, C. Luo, A. Mahurkar, D. McMillen, Naeem M. Nadaf, Joseph R. Nery, Sheng-Yong Niu, Joshua Orvis, Julia K. Osteen, Thanh Pham, Olivier B. Poirion, Sebastian Preissl, E. Purdom, Christine Rimorin, D. Risso, Angeline C. Rivkin, Kimberly A. Smith, Kelly Street, J. Sulc, T. Nguyen, Michael Tieu, A. Torkelson, Herman Tung, E. D. Vaishnav, Valentine Svensson, C. Vanderburg, V. Ntranos, Cindy T. J. van Velthoven, Xinxin Wang, O. White, Z. J. Huang, P. Kharchenko, L. Pachter, J. Ngai, A. Regev, Bosiljka Tasic, Joshua D. Welch, J. Gillis, Evan Z. Macosko, B. Ren, J. Ecker, Hongkui Zeng, E. Mukamel",https://www.biorxiv.org/content/biorxiv/early/2020/03/05/2020.02.29.970558.full.pdf
"Evolution of cellular diversity in primary motor cortex of human, marmoset monkey, and mouse","Trygve E Bakken, Nikolas L. Jorstad, Qiwen Hu, B. Lake, Wei-ping Tian, B. Kalmbach, M. Crow, R. Hodge, Fenna M. Krienen, S. Sorensen, J. Eggermont, Z. Yao, B. Aevermann, Andrew I. Aldridge, Anna Bartlett, Darren Bertagnolli, Tamara Casper, R. Castanon, Kirsten Crichton, T. Daigle, R. Dalley, N. Dee, N. Dembrow, D. Diep, S. Ding, Weixiu Dong, Rongxin Fang, Stephan Fischer, Melissa Goldman, Jeff Goldy, Lucas T. Graybuck, Brian R. Herb, Xiaomeng Hou, Jayaram Kancherla, Matthew Kroll, K. Lathia, Baldur van Lew, Y. Li, Christine S. Liu, Hanqing Liu, A. Mahurkar, D. McMillen, Jeremy A. Miller, Marmar Moussa, Joseph R. Nery, Joshua Orvis, Scott F. Owen, Carter R. Palmer, Thanh Pham, Nongluk Plongthongkum, Olivier B. Poirion, Nora M. Reed, Christine Rimorin, Angeline C. Rivkin, W. Romanow, Adriana E. Sedeño-Cortés, K. Siletti, Saroja Somasundaram, J. Sulc, Michael Tieu, A. Torkelson, Herman Tung, Xinxin Wang, Fangming Xie, A. Yanny, Renee Zhang, S. Ament, H. C. Bravo, J. Chun, A. Dobin, J. Gillis, R. Hertzano, P. Hof, T. Höllt, G. Horwitz, C. Keene, P. Kharchenko, A. Ko, B. Lelieveldt, C. Luo, E. Mukamel, Sebastian Preissl, A. Regev, B. Ren, R. Scheuermann, Kimberly A. Smith, W. Spain, O. White, C. Koch, M. Hawrylycz, Bosiljka Tasic, Evan Z. Macosko, S. Mccarroll, J. Ting, Hongkui Zeng, Kun Zhang, G. Feng, J. Ecker, S. Linnarsson, E. Lein",https://www.biorxiv.org/content/biorxiv/early/2020/04/04/2020.03.31.016972.full.pdf
A synergistic core for human brain evolution and cognition,"A. Luppi, P. Mediano, F. Rosas, N. Holland, T. Fryer, J. O'Brien, J. Rowe, D. Menon, D. Bor, E. Stamatakis",
"The context-dependent, combinatorial logic of BMP signaling","Heidi Klumpe, Matthew A. Langley, James M Linton, Christina J. Su, Yaron E. Antebi, M. Elowitz",
Astrocyte-neuron interplay is critical for Alzheimer’s disease pathogenesis and is rescued by TRPA1 channel blockade,"Adrien Paumier, S. Boisseau, K. Pernet-Gallay, A. Buisson, M. Albrieux",https://academic.oup.com/brain/article-pdf/145/1/388/43246696/awab281.pdf
The phenotypic landscape of essential human genes,"Luke Funk, Kuan-Chung Su, David Feldman, Avtar Singh, Brittania Moodie, P. Blainey, I. Cheeseman",https://pmc.ncbi.nlm.nih.gov/articles/PMC10482496/pdf/nihms-1924969.pdf
The protein organization of a red blood cell,"Wisath Sae-Lee, Caitlyn L. McCafferty, Eric J. Verbeke, P. Havugimana, Ophelia Papoulas, C. McWhite, J. R. Houser, Kim Vanuytsel, G. Murphy, K. Drew, A. Emili, David W. Taylor, E. Marcotte",
CTCF and R-loops are boundaries of cohesin-mediated DNA looping,"Hongshan Zhang, Zhubing Shi, E. Banigan, Yoori Kim, Hongtao Yu, X. Bai, I. Finkelstein",http://www.cell.com/article/S1097276523005208/pdf
Fast and accurate protein function prediction from sequence through pretrained language model and homology-based label diffusion,"Qianmu Yuan, Junjie Xie, Jiancong Xie, Huiying Zhao, Yuedong Yang",https://www.biorxiv.org/content/biorxiv/early/2022/12/08/2022.12.05.519119.full.pdf
Molecular cartography uncovers evolutionary and microenvironmental dynamics in sporadic colorectal tumors,"Cody N. Heiser, A. Simmons, Frank L. Revetta, Eliot T. McKinley, Marisol Ramirez-Solano, Jiawei Wang, Justin Shao, G. Ayers, Yu Wang, Sarah E. Glass, Harsimran Kaur, Andrea Rolong, Bob Chen, Paige N. Vega, Julia L. Drewes, Nabil Saleh, S. Vandekar, Angela L. Jones, M. Washington, Joseph T. Roland, C. Sears, Qi Liu, M. Shrubsole, R. Coffey, K. Lau",https://pmc.ncbi.nlm.nih.gov/articles/PMC10756562/pdf/nihms-1944717.pdf
Network Statistics of the Whole-Brain Connectome of Drosophila,"Albert Lin, Runzhe Yang, S. Dorkenwald, Arie Matsliah, A. Sterling, P. Schlegel, Szi-chieh Yu, Claire E. McKellar, Marta Costa, K. Eichler, A. S. Bates, N. Eckstein, Jan Funke, G. Jefferis, M. Murthy",
Applications of community detection techniques to brain graphs: Algorithmic considerations and implications for neural function,"J. Garcia, Arian Ashourvan, S. Muldoon, J. Vettel, D. Bassett",
Conserved cell types with divergent features between human and mouse cortex,"R. Hodge, Trygve E Bakken, Jeremy A. Miller, Kimberly A. Smith, Eliza R. Barkan, Lucas T. Graybuck, J. Close, Brian R. Long, O. Penn, Z. Yao, J. Eggermont, T. Höllt, Boaz P. Levi, Soraya I Shehata, B. Aevermann, Allison Beller, Darren Bertagnolli, Krissy Brouner, Tamara Casper, C. Cobbs, R. Dalley, N. Dee, S. Ding, R. Ellenbogen, Olivia Fong, Emma J. Garren, Jeff Goldy, R. Gwinn, Daniel Hirschstein, C. Keene, Mohamed Keshk, A. Ko, K. Lathia, A. Mahfouz, Zoe Maltzer, M. McGraw, T. Nguyen, J. Nyhus, J. Ojemann, Aaron Oldre, Sheana E. Parry, Shannon Reynolds, Christine Rimorin, N. Shapovalova, Saroja Somasundaram, A. Szafer, Elliot R. Thomsen, Michael Tieu, R. Scheuermann, R. Yuste, S. Sunkin, B. Lelieveldt, David Feng, L. Ng, Amy Bernard, M. Hawrylycz, John W. Phillips, Bosiljka Tasic, Hongkui Zeng, Allan R. Jones, C. Koch, E. Lein",
The Aspartic Protease Ddi1 Contributes to DNA-Protein Crosslink Repair in Yeast,"N. Serbyn, Audrey Noireterre, Ivona Bagdiul, M. Plank, Agnès H. Michel, R. Loewith, Benoît Kornmann, F. Stutz",http://www.cell.com/article/S1097276519308986/pdf
Human condensin I and II drive extensive ATP-dependent compaction of nucleosome-bound DNA,"Muwen Kong, Erin E. Cutts, D. Pan, F. Beuron, Thangavelu Kaliyappan, Chaoyou Xue, E. Morris, A. Musacchio, A. Vannini, E. Greene",http://www.cell.com/article/S1097276520302689/pdf
Zc3h13/Flacc is required for adenosine methylation by bridging the mRNA-binding factor Rbm15/Spenito to the m6A machinery component Wtap/Fl(2)d,"P. Knuckles, Tina Lenče, Irmgard U. Haussmann, Dominik Jacob, Nastasja Kreim, S. Carl, I. Masiello, Tina Hares, R. Villaseñor, D. Hess, Miguel Andrade, M. Biggiogera, M. Helm, M. Soller, M. Bühler, Jean-Yves Roignant",http://genesdev.cshlp.org/content/32/5-6/415.full.pdf
Cell-type–specific eQTL of primary melanocytes facilitates identification of melanoma susceptibility genes,"Tongwu Zhang, Jiyeon Choi, Michael A. Kovacs, Jianxin Shi, Mai Xu, A. Goldstein, M. Iles, S. Macgregor, L. Amundadottir, M. Law, S. Loftus, W. Pavan, K. Brown",http://genome.cshlp.org/content/28/11/1621.full.pdf
Statistical inference of assortative community structures,"Lizhi Zhang, Tiago P. Peixoto",http://link.aps.org/pdf/10.1103/PhysRevResearch.2.043271
Transcription Factors FHY3 and FAR1 Regulate Light-Induced CIRCADIAN CLOCK ASSOCIATED1 Gene Expression in Arabidopsis,"Yang Liu, Mengdi Ma, Gang Li, Li Yuan, Yurong Xie, Hongbin Wei, Xiaojing Ma, Quanquan Li, P. F. Devlin, Xiaodong Xu, Haiyang Wang",https://academic.oup.com/plcell/article-pdf/32/5/1464/36086625/plcell_v32_5_1464.pdf
Identification of network components in presence of unobserved nodes,"D. Materassi, M. Salapaka",
Designing Worm-inspired Neural Networks for Interpretable Robotic Control,"Mathias Lechner, Ramin M. Hasani, M. Zimmer, T. Henzinger, R. Grosu",
Conditions for Cell Size Homeostasis: A Stochastic Hybrid System Approach,"C. A. Vargas-Garcia, Mohammad Soltani, Abhyudai Singh",
A Topology Potential-Based Method for Identifying Essential Proteins from PPI Networks,"Min Li, Yu Lu, Jianxin Wang, Fang-Xiang Wu, Yi Pan",
Global Alignment of Protein-Protein Interaction Networks: A Survey,"Ahed Elmsallati, Connor Clark, J. Kalita",
Weighted General Group Lasso for Gene Selection in Cancer Classification,"Yadi Wang, Xiaoping Li, Rubén Ruiz",https://riunet.upv.es/bitstreams/6afe17be-617d-4357-ad78-6a08ceb3e959/download
Predicting Citation Count of Scientists as a Link Prediction Problem,"Ertan Bütün, Mehmet Kaya",
Fast Markov Clustering Algorithm Based on Belief Dynamics,"Huijia Li, Wenzhe Xu, Chenyang Qiu, Jian Pei",
Quality and Diversity Optimization: A Unifying Modular Framework,"Antoine Cully, Y. Demiris",https://arxiv.org/pdf/1708.09251
Using Centroidal Voronoi Tessellations to Scale Up the Multidimensional Archive of Phenotypic Elites Algorithm,"Vassilis Vassiliades, Konstantinos Chatzilygeroudis, Jean-Baptiste Mouret",
Implementing Nonlinear Feedback Controllers Using DNA Strand Displacement Reactions,"Rucha Sawlekar, F. Montefusco, V. Kulkarni, D. Bates",http://wrap.warwick.ac.uk/79400/7/WRAP_07463078_.pdf
Integrating Fuzzy Clustering and Graph Convolution Network to Accurately Identify Clusters From Attributed Graph,"Yue Yang, Guodong Li, Dongxu Li, Jun Zhang, Pengwei Hu, Lun Hu",
Explainability in Graph Neural Networks: A Taxonomic Survey,"Hao Yuan, Haiyang Yu, Shurui Gui, Shuiwang Ji",
Beyond Technical Aspects: How Do Community Smells Influence the Intensity of Code Smells?,"Fabio Palomba, D. Tamburri, F. Fontana, Rocco Oliveto, A. Zaidman, Alexander Serebrenik",http://resolver.tudelft.nl/uuid:426a340b-83a6-480b-bbac-0d711092c704
Ontogenetic changes in the phenotypic integration and modularity of leaf functional traits,"Xóchitl Damián, J. Fornoni, C. A. Domínguez, K. Boege",https://besjournals.onlinelibrary.wiley.com/doi/pdfdirect/10.1111/1365-2435.12971
Macroecological trends in nestedness and modularity of seed-dispersal networks: human impact matters,"E. Sebastián‐González, B. Dalsgaard, B. Sandel, P. Guimarães",
"Extracellular nicotinamide phosphoribosyltransferase, a new cancer metabokine","A. A. Grolla, C. Travelli, A. Genazzani, Jaswinder K. Sethi",https://bpspubs.onlinelibrary.wiley.com/doi/pdfdirect/10.1111/bph.13505
"Mitigating off‐target effects of small RNAs: conventional approaches, network theory and artificial intelligence","Zoltán Bereczki, B. Benczik, Olivér M. Balogh, Szandra Marton, Eszter Puhl, M. Pétervári, Máté Váczy-Földi, Z. Papp, A. Makkos, Kimberly Glass, F. Locquet, G. Euler, Rainer Schulz, P. Ferdinandy, B. Ágg",https://onlinelibrary.wiley.com/doi/pdfdirect/10.1111/bph.17302
"Unravelling intravertebral integration, modularity and disparity in Felidae (Mammalia)","M. Randau, A. Goswami",https://onlinelibrary.wiley.com/doi/pdfdirect/10.1111/ede.12218
What does modularity mean?,"M. Zelditch, A. Goswami",
A new phylogenetic test for comparing multiple high‐dimensional evolutionary rates suggests interplay of evolutionary rates and modularity in lanternfishes (Myctophiformes; Myctophidae),"J. Denton, D. Adams",
"Comparing the strength of modular signal, and evaluating alternative modular hypotheses, using covariance ratio effect sizes with morphometric data","D. Adams, M. Collyer",
"Towards elucidating the stability, dynamics and architecture of the nucleosome remodeling and deacetylase complex by using quantitative interaction proteomics","S. Kloet, H. I. Baymaz, M. Makowski, V. Groenewold, P. Jansen, Madeleine R Berendsen, Hassin Niazi, G. Kops, M. Vermeulen",
Control of cell death and mitochondrial fission by ERK1/2 MAP kinase signalling,"S. Cook, K. Stuart, Rebecca Gilley, Matthew J. Sale",https://febs.onlinelibrary.wiley.com/doi/pdfdirect/10.1111/febs.14122
Robustness of trait connections across environmental gradients and growth forms,"Habacuc Flores‐Moreno, F. Fazayeli, A. Banerjee, A. Datta, J. Kattge, E. Butler, O. Atkin, Kirk R. Wythers, Ming Chen, M. Anand, M. Bahn, Chaeho Byun, J. Cornelissen, J. Craine, Andrés González-Melo, W. Hattingh, S. Jansen, Nathan J B Kraft, K. Kramer, D. Laughlin, V. Minden, Ü. Niinemets, V. Onipchenko, J. Peñuelas, Nadejda A. Soudzilovskaia, R. Dalrymple, P. Reich",https://onlinelibrary.wiley.com/doi/pdfdirect/10.1111/geb.12996
Phylogenomic analysis of gene co‐expression networks reveals the evolution of functional modules,"Colin Ruprecht, S. Proost, Marcela Hernández-Coronado, Carlos Ortiz-Ramírez, D. Lang, S. Rensing, J. Becker, K. Vandepoele, M. Mutwil",https://onlinelibrary.wiley.com/doi/pdfdirect/10.1111/tpj.13502
Regulation of glycolysis by the hypoxia‐inducible factor (HIF): implications for cellular physiology,"S. Kierans, C. Taylor",https://onlinelibrary.wiley.com/doi/pdfdirect/10.1113/JP280572
On the Clinical Pharmacology of Reactive Oxygen Species,"A. I. Casas, Cristian Nogales, H. Mucke, Alexandra Petraina, A. Cuadrado, A. I. Rojo, P. Ghezzi, V. Jaquet, Fiona Augsburger, F. Dufrasne, Jalal Soubhye, Soni Deshwal, Moises Di Sante, N. Kaludercic, F. Di Lisa, H. Schmidt",https://pharmrev.aspetjournals.org/content/pharmrev/72/4/801.full.pdf
BAP31 regulates mitochondrial function via interaction with Tom40 within ER-mitochondria contact sites,Takushi Namba,https://advances.sciencemag.org/content/advances/5/6/eaaw1386.full.pdf
Untangling the roles of TOP2A and TOP2B in transcription and cancer,"Liis Uusküla-Reimand, Michael D. Wilson",
A meta-analysis of Boolean network models reveals design principles of gene regulatory networks,"Claus Kadelka, Taras-Michael Butrie, Evan Hilton, Jack Kinseth, Addison Schmidt, Haris Serdarevic",https://www.science.org/doi/pdf/10.1126/sciadv.adj0822?download=true
Reverse Engineering of Biological Complexity,"Marie E. Csete, John C. Doyle",
Network Motifs: Simple Building Blocks of Complex Networks,"Ron Milo, Shai Shen-Orr, Shalev Itzkovitz, Nadav Kashtan, Dmitri Chklovskii, Uri Alon",
A global genetic interaction network maps a wiring diagram of cellular function,"Michael Costanzo, Benjamin VanderSluis, Elizabeth N. Koch, Anastasia Baryshnikova, Carles Pons, Guihong Tan, Wen Wang, Matej Usaj, Julia Hanber, Chad L. Myers, et al.",
Architecture of eukaryotic mRNA 3′-end processing machinery,"A. Casañal, Ananthanarayanan Kumar, C. Hill, A. Easter, P. Emsley, G. Degliesposti, Y. Gordiyenko, Balaji Santhanam, Jana Wolf, K. Wiederhold, G. Dornan, M. Skehel, C. Robinson, L. Passmore",https://science.sciencemag.org/content/sci/358/6366/1056.full.pdf
Co-regulatory networks of human serum proteins link genetics to disease,"V. Emilsson, Marjan Ilkov, J. Lamb, Nancy Finkel, E. Gudmundsson, Rebecca Pitts, H. Hoover, V. Gudmundsdottir, S. R. Horman, T. Aspelund, L. Shu, Vladimir Trifonov, S. Sigurdsson, A. Manolescu, Jun Zhu, Ö. Ólafsson, J. Jakobsdóttir, S. Lesley, Jeremy To, Jia Zhang, T. Harris, L. Launer, Bin Zhang, G. Eiriksdottir, Xia Yang, A. Orth, L. Jennings, V. Gudnason",https://www.science.org/cms/asset/c4a926a5-eff9-4467-b5b1-b5a943d6b435/pap.pdf
"Molecular, Spatial and Functional Single-Cell Profiling of the Hypothalamic Preoptic Region","J. Moffitt, Dhananjay Bambah-Mukku, Stephen W. Eichhorn, Eric Vaughn, K. Shekhar, Julio D. Perez, Nimrod D. Rubinstein, Junjie Hao, A. Regev, C. Dulac, X. Zhuang",https://escholarship.org/content/qt2cs97827/qt2cs97827.pdf?t=rrtb31
The exposome and health: where chemistry meets biology,"R. Vermeulen, Emma L. Schymanski, A. Barabási, G. Miller",
The GATOR–Rag GTPase pathway inhibits mTORC1 activation by lysosome-derived amino acids,"G. Hesketh, Fotini Papazotos, J. Pawling, D. Rajendran, J. Knight, Sébastien Martinez, Mikko Taipale, D. Schramek, J. Dennis, A. Gingras",
Exploring whole-genome duplicate gene retention with complex genetic interaction analysis,"Elena Kuzmin, Benjamin VanderSluis, Alex N. Nguyen Ba, Wen Wang, Elizabeth N. Koch, Matej Ušaj, Anton Khmelinskii, M. M. Usaj, Jolanda van Leeuwen, Oren Z. Kraus, Amy Tresenrider, Michael Pryszlak, Ming-Che Hu, B. Varriano, M. Costanzo, M. Knop, Alan M. Moses, C. Myers, B. Andrews, Charles Boone",
Interpretation of Cancer Mutations Using a Multiscale Map of Protein Systems,"Fan Zheng, Marcus R. Kelly, Dana J. Ramms, Giselle M. Smelick, Nevan J. Krogan, Trey Ideker",
Dense functional and molecular readout of a circuit hub in sensory cortex,"Cameron Condylis, Abed Ghanbari, Nikita Manjrekar, Karina Bistrong, Shenqin Yao, Z. Yao, T. Nguyen, Hongkui Zeng, Bosiljka Tasic, Jerry L. Chen",
Molecular and cellular evolution of the primate dorsolateral prefrontal cortex,"Shaojie Ma, Mario Škarica, Qian Li, Chuan Xu, Ryan D. Risgaard, Andrew T. N. Tebbenkamp, Xoel Mato-Blanco, R. Kovner, Ž. Krsnik, Xabier de Martin, V. Luria, Xavier Martí-Pérez, D. D. Liang, Amir Karger, Danielle K. Schmidt, Zachary Gomez-Sanchez, Cai Qi, Kevin T. Gobeske, Sirisha Pochareddy, A. Debnath, Cade J Hottman, J. Spurrier, Leon Teo, Anthony G. Boghdadi, Jihane Homman-Ludiye, J. Ely, Etienne W Daadi, Da Mi, M. Daadi, Oscar Marín, P. Hof, Mladen-Roko Rasin, J. Bourne, C. Sherwood, G. Santpere, M. Girgenti, S. Strittmatter, A. Sousa, N. Šestan",https://www.ncbi.nlm.nih.gov/pmc/articles/PMC9614553
Combinatorial assembly and design of enzymes,"Rosalie Lipsh-Sokolik, O. Khersonsky, S. Schröder, C. de Boer, Shlomoyakir Hoch, G. J. Davies, H. Overkleeft, S. Fleishman",https://scholarlypublications.universiteitleiden.nl/access/item%3A3564153/view
Single-cell genomics and regulatory networks for 388 human brains,"Prashant S. Emani, Jason J. Liu, Declan Clarke, Matthew Jensen, J. Warrell, Chirag Gupta, Ran Meng, Cheyu Lee, Siwei Xu, Cagatay Dursun, S. Lou, Yuhang Chen, Zhiyuan Chu, Timur Galeev, Aheyon Hwang, Yunyang Li, Pengyu Ni, Xiao Zhou, Trygve E Bakken, J. Bendl, L. Bicks, Tanima Chatterjee, Lijun Cheng, Yuyan Cheng, Yi Dai, Ziheng Duan, Mary Flaherty, J. Fullard, Michael Gancz, D. Garrido-Martín, Sophia C. Gaynor-Gillett, Jennifer Grundman, Natalie Hawken, Ella Henry, G. Hoffman, Ao Huang, Yunzhe Jiang, Ting Jin, Nikolas L. Jorstad, Riki Kawaguchi, Saniya Khullar, Jianyin Liu, Junhao Liu, Shuang Liu, Shaojie Ma, Michael P Margolis, Samantha Mazariegos, Jill E. Moore, Jennifer R. Moran, Eric Nguyen, Nishigandha Phalke, Milos Pjanic, H. Pratt, Diana Quintero, Ananya S. Rajagopalan, Tiernon R. Riesenmy, Nicole Shedd, Manman Shi, Megan Spector, Rosemarie Terwilliger, K. Travaglini, B. Wamsley, Gaoyuan Wang, Yan Xia, Shaohua Xiao, Andrew C. Yang, Suchen Zheng, Michael Jeffrey Gandal, Donghoon Lee, E. Lein, Panagiotis Roussos, N. Sestan, Zhiping Weng, Kevin P. White, Hyejung Won, M. Girgenti, Jing Zhang, Daifeng Wang, D. Geschwind, Marc H. Gerstein",https://escholarship.org/content/qt3cs7f3r3/qt3cs7f3r3.pdf
The Mammalian MAPK/ERK Pathway Exhibits Properties of a Negative Feedback Amplifier,"Oliver E. Sturm, Richard Orton, Joan Grindlay, et al.",http://researchrepository.ucd.ie/bitstreams/156bd576-2b42-4504-8ac0-c904a7b89992/download
Signaling pathway models as biomarkers: Patient-specific simulations of JNK activity predict the survival of neuroblastoma patients,"D. Fey, M. Halasz, D. Dreidax, S. Kennedy, Jordan F Hastings, Nora Rauch, Amaya Garcia Munoz, R. Pilkington, M. Fischer, F. Westermann, W. Kolch, B. Kholodenko, D. Croucher",http://hdl.handle.net/10197/7556
APOE4 disrupts intracellular lipid homeostasis in human iPSC-derived glia,"Grzegorz Sienski, Priyanka Narayan, J. M. Bonner, Nora Kory, Sebastian Boland, A. Arczewska, William T. Ralvenius, L. Akay, Elana Lockshin, Liang He, Blerta Milo, Agnese Graziosi, V. Baru, C. Lewis, Manolis Kellis, D. Sabatini, L. Tsai, S. Lindquist",
Understanding Human-Virus Protein-Protein Interactions Using a Human Protein Complex-Based Analysis Framework,"Shiping Yang, Chen Fu, Xianyi Lian, Xiaobao Dong, Ziding Zhang",https://msystems.asm.org/content/msys/4/2/e00303-18.full.pdf
The Local Closure Coefficient: A New Perspective On Network Clustering,"Hao Yin, Austin R. Benson, J. Leskovec",
XGNN: Towards Model-Level Explanations of Graph Neural Networks,"Haonan Yuan, Jiliang Tang, Xia Hu, Shuiwang Ji",https://dl.acm.org/doi/pdf/10.1145/3394486.3403085
A Survey on Subgraph Counting,"P. Ribeiro, Pedro Paredes, Miguel E.P. Silva, David Oliveira Aparício, Fernando M A Silva",
BRIGHT: A Bridging Algorithm for Network Alignment,"Yuchen Yan, Si Zhang, Hanghang Tong",
GraphWorld: Fake Graphs Bring Real Insights for GNNs,"John Palowitch, Anton Tsitsulin, Brandon Mayer, Bryan Perozzi",
Signaling to and from the RNA Polymerase III Transcription and Processing Machinery,"I. Willis, R. Moir",
"Modularity: genes, development and evolution.","Diogo Melo, Arthur Porto, J. Cheverud, G. Marroig",
The Causes and Consequences of Genetic Interactions (Epistasis).,"Júlia Domingo, Pablo Baeza-Centurión, Ben Lehner",
Interneuron Types as Attractors and Controllers,"G. Fishell, Adam Kepecs",
Long-term training modifies the modular structure and organization of walking balance control.,"Andrew Sawers, Jessica L. Allen, Lena H. Ting",https://www.physiology.org/doi/pdf/10.1152/jn.00758.2015
Neuronal circuits in barrel cortex for whisker sensory perception.,"J. Staiger, C. Petersen",
Dendritic Cells and Leishmania Infection: Adding Layers of Complexity to a Complex Disease,"D. Feijó, Rafael Tibúrcio, M. Ampuero, C. Brodskyn, N. Tavares",http://downloads.hindawi.com/journals/jir/2016/3967436.pdf
‘Z4’ Complex Member Fusions in NUT Carcinoma: Implications for a Novel Oncogenic Mechanism,"H. Shiota, Janine E. Elya, Artyom A. Alekseyenko, P. Chou, Shelby A. Gorman, O. Barbash, Kelly Becht, Kristina Danga, M. Kuroda, V. Nardi, C. French",https://mcr.aacrjournals.org/content/molcanres/16/12/1826.full.pdf
"The KRASG12C Inhibitor, MRTX849, Provides Insight Toward Therapeutic Susceptibility of KRAS Mutant Cancers in Mouse Models and Patients","J. Christensen, Jill Hallin, Lars D. Engstrom, Lauren N. Hargis, Andrew Calinisan, Ruth Aranda, David M Briere, Niranjan Sudhakar, Vickie Bowcut, B. R. Baer, J. Ballard, M. Burkard, Jay B. Fell, J. Fischer, G. Vigers, Jenny Y. Xue, Sole Gatto, J. Fernandez-Banet, A. Pavlícek, K. Velastegui, R. Chao, J. Barton, M. Pierobon, E. Baldelli, Emmanuel F Patricoin, Douglas P Cassidy, M. Marx, I. Rybkin, M. Johnson, S. Ou, P. Lito, K. Papadopoulos, P. Janne, P. Olson",https://cancerdiscovery.aacrjournals.org/content/candisc/10/1/54.full.pdf
Proteogenomic markers of chemotherapy resistance and response in triple negative breast cancer,"M. Anurag, E. Jaehnig, Karsten Krug, J. Lei, Erik J. Bergstrom, Beom-Jun Kim, Tanmayi D Vashist, A. M. Tran Huynh, Yongchao Dou, X. Gou, Chen Huang, Zhiao Shi, Bo Wen, V. Korchina, R. Gibbs, D. Muzny, H. Doddapaneni, L. Dobrolecki, Henry Rodriguez, A. Robles, Tara Hiltke, M. Lewis, J. Nangia, Maryam Nemati Shafaee, Shunqiang Li, I. Hagemann, J. Hoog, B. Lim, C. Osborne, D. Mani, Michael A. Gillette, Bing Zhang, G. Echeverria, George Miles, M. Rimawi, Steve Carr, F. Ademuyiwa, S. Satpathy, M. Ellis",https://aacrjournals.org/cancerdiscovery/article-pdf/doi/10.1158/2159-8290.CD-22-0200/3212600/cd-22-0200.pdf
Immune Cell Gene Signatures for Profiling the Microenvironment of Solid Tumors,"Ajit J. Nirmal, Tim Regan, Barbara B. Shih, D. Hume, A. Sims, T. Freeman",https://aacrjournals.org/cancerimmunolres/article-pdf/6/11/1388/2351804/1388.pdf
The Surprising Creativity of Digital Evolution: A Collection of Anecdotes from the Evolutionary Computation and Artificial Life Research Communities,"J. Lehman, J. Clune, D. Misevic, C. Adami, L. Altenberg, Julie Beaulieu, P. Bentley, Samuel Bernard, G. Beslon, David M. Bryson, P. Chrabaszcz, Nick Cheney, Antoine Cully, S. Doncieux, F. Dyer, K. Ellefsen, R. Feldt, Stephan Fischer, S. Forrest, Antoine Frénoy, Christian Gagné, L. L. Goff, L. Grabowski, B. Hodjat, F. Hutter, L. Keller, C. Knibbe, Peter Krcah, R. Lenski, H. Lipson, R. Maccurdy, Carlos Maestre, R. Miikkulainen, Sara Mitri, David E. Moriarty, Jean-Baptiste Mouret, Anh Totti Nguyen, Charles Ofria, M. Parizeau, David P. Parsons, Robert T. Pennock, W. Punch, T. S. Ray, Marc Schoenauer, E. Shulte, Karl Sims, Kenneth O. Stanley, F. Taddei, Danesh S. Tarapore, S. Thibault, Westley Weimer, R. Watson, Jason Yosinksi",https://direct.mit.edu/artl/article-pdf/26/2/274/1896071/artl_a_00319.pdf
Potassium channel gain of function in epilepsy: an unresolved paradox,"Zachary Niday, A. Tzingounis",
Increased structural white and grey matter network connectivity compensates for functional decline in early multiple sclerosis,"V. Fleischer, Adriane Gröger, N. Koirala, A. Droby, M. Muthuraman, P. Kolber, E. Reuter, S. Meuth, F. Zipp, Sergiu Groppa",
C2H2-Type Zinc Finger Proteins: Evolutionarily Old and New Partners of the Nuclear Hormone Receptors,"Rafah Mackeh, A. Marr, Abeer A. Fadda, T. Kino",https://journals.sagepub.com/doi/pdf/10.1177/1550762918801071
Colony stimulating factor-1 receptor signaling networks inhibit mouse macrophage inflammatory responses by induction of microRNA-21.,"Cristina I. Caescu, Xingyi Guo, Xingyi Guo, L. Tesfa, T. Bhagat, A. Verma, D. Zheng, E. Stanley",https://ashpublications.org/blood/article-pdf/125/8/e1/1388307/e1.pdf
Essential control of early B-cell development by Mef2 transcription factors.,"J. Herglotz, Ludmilla Unrau, Friderike Hauschildt, M. Fischer, Neele Kriebitzsch, M. Alawi, D. Indenbirken, M. Spohn, U. Müller, M. Ziegler, W. Schuh, H. Jäck, C. Stocking",https://ashpublications.org/blood/article-pdf/127/5/572/1394780/572.pdf
Differential immune cell infiltrations between healthy periodontal and chronic periodontitis tissues,"Wei Li, Zheng Zhang, Zuomin Wang",
Resolving noise–control conflict by gene duplication,"Michal Chapal, S. Mintzer, Sagie Brodsky, M. Carmi, N. Barkai",
Functional unknomics: Systematic screening of conserved genes of unknown function,"João Rocha, Satish Arcot Jayaram, T. Stevens, Nadine Muschalik, Rajen Dinesh Shah, S. Emran, Cristina Robles, Matthew Freeman, S. Munro",https://pmc.ncbi.nlm.nih.gov/articles/PMC10409296/pdf/pbio.3002222.pdf
Stochastic Simulation of Biomolecular Networks in Dynamic Environments,"M. Voliotis, Philipp Thomas, R. Grima, Clive G. Bowsher",https://arxiv.org/pdf/1511.01268
Logic-based modeling of biological networks with Netflux,"Alexander P. Clark, Mukti Chowkwale, Alexander Paap, Stephen Dang, Jeffrey J. Saucerman",
The evolution of hybrid fitness during speciation,"A. Dagilis, M. Kirkpatrick, D. Bolnick",
Integrative Multi-Omics Approaches in Cancer Research: From Biological Networks to Clinical Subtypes,"Yong Jin Heo, Chanwoong Hwa, Gang-Hee Lee, Jae-Min Park, Joon-Yong An",https://www.molcells.org/journal/download_pdf.php?doi=10.14348/molcells.2021.0042
Longitudinal Changes in the Cerebral Cortex Functional Organization of Healthy Elderly,"J. Chong, K. K. Ng, Jesisca Tandi, Chenhao Wang, Jia-Hou Poh, J. Lo, M. Chee, J. Zhou",https://www.jneurosci.org/content/jneuro/39/28/5534.full.pdf
LIMT is a novel metastasis inhibiting lncRNA suppressed by EGF and downregulated in aggressive breast cancer,"A. Sas-Chen, M. R. Aure, Limor Leibovich, Silvia Carvalho, Yehoshua Enuka, Cindy Körner, M. Polycarpou-Schwarz, S. Lavi, N. Nevo, Yuri Kuznetsov, Justin Yuan, F. Azuaje, I. Ulitsky, S. Diederichs, S. Wiemann, Z. Yakhini, V. Kristensen, A. Børresen-Dale, Y. Yarden, Torill Sauer, Jürgen Geisler, Solveig Hofvind, T. Bathen, E. Borgen, O. Engebråten, Ø. Fodstad, Ø. Garred, G. Geitvik, Rolf Kåresen, B. Naume, G. Mælandsmo, H. Russnes, Ellen Schlichting, T. Sørlie, O. Lingjærde, K. Sahlberg, H. Skjerven, Britt Fritzman",https://doi.org/10.15252/emmm.201606198
Proteomic analyses reveal distinct chromatin-associated and soluble transcription factor complexes,"Xu Li, Wenqi Wang, Jiadong Wang, A. Malovannaya, Y. Xi, Wei Li, R. Guerra, D. Hawke, J. Qin, Junjie Chen",https://onlinelibrary.wiley.com/doi/pdfdirect/10.15252/msb.20145504
Frequency modulation of ERK activation dynamics rewires cell fate,"H. Ryu, M. Chung, M. Dobrzyński, D. Fey, Y. Blum, Sung Sik Lee, M. Peter, B. Kholodenko, N. Jeon, O. Pertz",https://onlinelibrary.wiley.com/doi/pdfdirect/10.15252/msb.20156458
A spectrum of modularity in multi‐functional gene circuits,"Alba Jiménez, J. Cotterell, A. Munteanu, J. Sharpe",https://onlinelibrary.wiley.com/doi/pdfdirect/10.15252/msb.20167347
Capturing protein communities by structural proteomics in a thermophilic eukaryote,"Panagiotos L. Kastritis, Francis J. O’Reilly, T. Bock, Yuanyue Li, Matt Rogon, K. Buczak, N. Romanov, M. Betts, K. Bui, W. Hagen, M. L. Hennrich, Marie‐Therese Mackmull, J. Rappsilber, R. Russell, P. Bork, Martin Beck, A. Gavin",https://onlinelibrary.wiley.com/doi/pdfdirect/10.15252/msb.20167412
Complex‐centric proteome profiling by SEC‐SWATH‐MS,"M. Heusel, Isabell Bludau, George A. Rosenberger, Robin Hafen, Max Frank, Amir Banaei‐Esfahani, Ben C. Collins, M. Gstaiger, R. Aebersold",https://doi.org/10.15252/msb.20188438
Mass spectrometry‐based protein–protein interaction networks for the study of human diseases,"Alicia L. Richards, Manon Eckhardt, N. Krogan",https://escholarship.org/uc/item/5307x9v4
Learning causal networks using inducible transcription factors and transcriptome‐wide time series,"S. Hackett, E. Baltz, Marc Coram, Bernd J. Wranik, Griffin Kim, Adam Baker, Minjie Fan, David G Hendrickson, Marc Berndl, R. McIsaac",
Programming Escherichia coli to function as a digital display,"Jonghyeon Shin, Shuyi Zhang, Bryan S. Der, Alec A. K. Nielsen, Christopher A. Voigt",https://onlinelibrary.wiley.com/doi/pdfdirect/10.15252/msb.20199401
DOMINO: a network‐based active module identification algorithm with reduced rate of false calls,"Hagai Levi, Ran Elkon, R. Shamir",https://onlinelibrary.wiley.com/doi/pdfdirect/10.15252/msb.20209593
Protein complexes in cells by AI‐assisted structural proteomics,"Francis J. O’Reilly, Andrea Graziadei, Christian Forbrig, Rica Bremenkamp, Kristine Charles, Swantje Lenz, Christoph Elfmann, Lutz Fischer, J. Stülke, J. Rappsilber",https://onlinelibrary.wiley.com/doi/pdfdirect/10.15252/msb.202311544
Genome Assembly Improvement and Mapping Convergently Evolved Skeletal Traits in Sticklebacks with Genotyping-by-Sequencing,"A. Glazer, E. Killingbeck, T. Mitros, D. Rokhsar, Craig T. Miller",https://academic.oup.com/g3journal/article-pdf/5/7/1463/37194104/g3journal1463.pdf
Genome-Wide Analysis of lncRNA and mRNA Expression During Differentiation of Abdominal Preadipocytes in the Chicken,"Zhang Tao, Xiangqian Zhang, Kunpeng Han, Genxi Zhang, Jinyu Wang, K. Xie, Q. Xue",https://www.g3journal.org/content/ggg/7/3/953.full.pdf
"Cortical Folding of the Primate Brain: An Interdisciplinary Examination of the Genetic Architecture, Modularity, and Evolvability of a Significant Neurological Trait in Pedigreed Baboons (Genus Papio)","Elizabeth G. Atkinson, J. Rogers, M. Mahaney, L. Cox, J. Cheverud",https://www.genetics.org/content/genetics/200/2/651.full.pdf
Network analysis of mineralogical systems,"S. Morrison, Chao Liu, A. Eleish, A. Prabhu, Congrui Li, Jolyon P. Ralph, R. Downs, Joshua J. Golden, P. Fox, D. Hummer, Michael B. Meyer, R. Hazen",https://pubs.geoscienceworld.org/ammin/article-pdf/102/8/1588/2639243/am-2017-6104CCBYNCND.pdf
An atlas of protein-protein interactions across mouse tissues.,"M. Skinnider, N. Scott, A. Prudova, C. Kerr, N. Stoynov, G. Stacey, Q. Chan, David G. Rattray, J. Gsponer, L. Foster",
Genome-wide Analyses Identify KIF5A as a Novel ALS Gene,"A. Nicolas, K. Kenna, A. Renton, N. Ticozzi, F. Faghri, Ruth Chia, J. Dominov, Brendan J. Kenna, M. Nalls, Pamela J. Keagle, Alberto M. Rivera, W. Rheenen, N. Murphy, J. Vugt, Joshua T. Geiger, R. V. D. Spek, Hannah A. Pliner, Shankaracharya, Bradley N. Smith, G. Marangi, S. Topp, Yevgeniya A. Abramzon, A. Gkazi, J. Eicher, A. Kenna, G. Mora, A. Calvo, L. Mazzini, N. Riva, J. Mandrioli, C. Caponnetto, S. Battistini, P. Volanti, V. Bella, F. Conforti, G. Borghero, S. Messina, I. Simone, F. Trojsi, F. Salvi, F. Logullo, S. D'alfonso, L. Corrado, M. Capasso, L. Ferrucci, C. Moreno, S. Kamalakaran, D. Goldstein, A. Gitler, Tim Harris, R. Myers, Hemali Phatnani, R. Musunuri, Uday S. Evani, A. Abhyankar, M. Zody, J. Kaye, S. Finkbeiner, S. Wyman, A. LeNail, Leandro Lima, E. Fraenkel, C. Svendsen, L. Thompson, J. Eyk, J. Berry, Timothy A. Miller, S. Kolb, M. Cudkowicz, E. Baxi, M. Benatar, J. Taylor, E. Rampersaud, Gang Wu, J. Wuu, G. Lauria, F. Verde, I. Fogh, C. Tiloca, G. Comi, G. Soraru', Cristina Cereda, P. Corcia, Hannu Laaksovirta, L. Myllykangas, Lilja Jansson, M. Valori, J. Ealing, Hisham H. M. Hamdalla, S. Rollinson, S. Pickering-Brown, R. Orrell, K. Sidle, A. Malaspina, J. Hardy, A. Singleton, Janel O. Johnson, S. Arepalli, P. Sapp, D. McKenna-Yasek, Meraida Polak, S. Asress, S. Al-Sarraj, A. King, C. Troakes, C. Vance, J. Belleroche, F. Baas, A. T. Asbroek, J. Muñoz-Blanco, D. Hernandez, Jinhui Ding, J. R. Gibbs, Sonja W. Scholz, M. Floeter, R. Campbell, F. Landi, R. Bowser, S. Pulst, J. Ravits, D. Macgowan, J. Kirby, E. Pioro, R. Pamphlett, J. Broach, Glenn Gerhard, T. Dunckley, C. Brady, N. Kowall, J. Troncoso, I. Ber, K. Mouzat, S. Lumbroso, T. Heiman-Patterson, F. Kamel, L. Bosch, R. Baloh, T. Strom, T. Meitinger, A. Shatunov, K. V. Eijk, M. Carvalho, M. Kooyman, Bas M Middelkoop, M. Moisse, R. Mclaughlin, M. A. Es, Markus Weber, K. Boylan, M. Blitterswijk, R. Rademakers, K. Morrison, A. Başak, J. Mora, V. Drory, P. Shaw, M. Turner, K. Talbot, O. Hardiman, K. Williams, J. Fifita, G. Nicholson, I. Blair, G. Rouleau, J. Esteban-Pérez, A. García-Redondo, A. Al-Chalabi, E. Rogaeva, L. Zinman, L. Ostrow, N. Maragakis, J. Rothstein, Z. Simmons, Johnathan Cooper-Knock, A. Brice, Stephen A. Goutman, E. Feldman, S. Gibson, F. Taroni, A. Ratti, C. Gellera, P. Damme, W. Robberecht, P. Fratta, M. Sabatelli, C. Lunetta, A. Ludolph, P. Andersen, Jochen H Weishaupt, W. Camu, J. Trojanowski, V. Deerlin, Robert H. Brown, L. H. Berg, J. Veldink, M. Harms, J. Glass, David J. Stone, P. Tienari, V. Silani, A. Chiò, C. Shaw, B. Traynor, J. Landers, I. Simone, G. Logroscino, I. Bartolomei, M. R. Murru, E. Costantino, C. Pani, Roberta Puddu, Carla Caredda, V. Piras, S. Tranquilli, S. Cuccu, Daniela Corongiu, M. Melis, A. Milia, F. Marrosu, M. Marrosu, G. Floris, A. Cannas, G. Mancardi, P. Origone, P. Mandich, S. Cavallaro, Kalliopi Marinou, Riccardo Sideri, S. Penco, L. Mosca, G. L. Pinter, M. Corbo, P. Carrera, N. Fini, Antonio Fasano, L. Tremolizzo, A. Arosio, C. Ferrarese, G. Tedeschi, M. Monsurrò, G. Piccirillo, C. Femiano, A. Ticca, E. Ortu, R. Spataro, T. Colletti, M. Zollino, A. Conte, M. Luigetti, S. Lattante, M. Santarelli, A. Petrucci, M. Pugliatti, A. Pirisi, Leslie D. Parish, Patrizia Occhineri, F. Giannini, C. Ricci, Michele Benigni, Tea B. Cau, D. Loi, C. Moglia, M. Brunetti, M. Barberis, G. Restagno, F. Casale, G. Marrali, G. Fuda, I. Ossola, S. Cammarosano, A. Canosa, A. Ilardi, U. Manera, M. Grassano, R. Tanel, Fabrizio Pisano, N. Shneider, Stephen A. Goutman, S. Chandran, S. Pal, G. Manousakis, S. Appel, E. Simpson, Leo Wang, S. Gibson, R. Bedlack, D. Lacomis, D. Sareen, A. Sherman, L. Bruijn, M. Penny, A. Allen, S. Appel, R. Bedlack, B. Boone, Robert H. Brown, J. Carulli, A. Chesi, W. Chung, Elizabeth T. Cirulli, G. Cooper, Julien Couthouis, A. Day-Williams, P. Dion, Yujun Han, Sebastian Hayes, Angela L. Jones, Jonathan E. M. Keebler, Brian J. Krueger, Brittany N. Lasseigne, S. Levy, Yi-Fan Lu, T. Maniatis, S. Petrovski, Alya R. Raphael, Zhong Ren, K. Sims, J. Staropoli, L. Waite, Quanli Wang, Jack R. Wimbish, Winnie W. Xin, J. Kwan, J. Broach, Ximena Arcila-Londono, Eddie B. Lee, N. Zaitlen, G. Cox, S. Finkbeiner, E. Dardiotis, E. Hornstein, D. Macgowan, T. Heiman-Patterson, M. Hammell, N. Patsopoulos, J. Dubnau, A. Nath, S. Wyman, A. LeNail, J. Eyk, S. Züchner, R. Schule, J. McCauley, Sumaira Hussain, Anne E. Cooley, Marielle Wallace, C. Clayman, R. Barohn, J. Statland, J. Ravits, A. Swenson, Carlayne Jackson, Jaya R. Trivedi, Shaida Khan, J. Katz, Liberty Jenkins, T. Burns, K. Gwathmey, J. Caress, C. Mcmillan, L. Elman, E. Pioro, J. Heckmann, Y. So, D. Walk, S. Maiser, Jinghui Zhang, F. Marchi, S. Corti, M. Ceroni, G. Siciliano, M. Filosto, Maurizio Inghilleri, S. Peverelli, C. Colombrita, B. Poletti, L. Maderna, R. Bo, S. Gagliardi, G. Querin, C. Bertolin, V. Pensato, B. Castellotti, V. Meininger, G. Besson, E. Lagrange, P. Clavelou, N. Guy, P. Couratier, P. Vourch, V. Danel, E. Bernard, G. Lemasson, Ahmad Al Kheifat, P. Andersen, A. Chiò, J. Cooper-Knock, Annelot M. Dekker, V. Drory, Alberto G Redondo, M. Gotkine, Winston A Hide, Alfredo Iacoangeli, J. Glass, K. Kenna, M. Kiernan, J. Landers, R. Mclaughlin, J. Mill, Miguel Mitne Neto, Mattieu Moisse, J. M. Pardina, K. Morrison, S. Newhouse, S. Pinto, S. Pulit, P. Shaw, Chris E. Shaw, W. Sproviero, Gijs H. P. Tazelaar, P. Damme, L. Berg, R. V. D. Spek, K. V. Eijk, M. A. Es, J. Vugt, J. Veldink, M. Zatz, Denis C. Bauer, Natalie A. Twine",http://www.cell.com/article/S089662731830148X/pdf
SARS-CoV-2 variants evolve convergent strategies to remodel the host response,"Mehdi Bouhaddou, Ann-Kathrin Reuschl, Benjamin J. Polacco, Lucy G. Thorne, Manisha Ummadi, C. Ye, R. Rosales, A. Pelin, Jyoti Batra, Gwendolyn M. Jang, Jiewei Xu, Jack M. Moen, Alicia L. Richards, Yuan Zhou, Bhavya Harjai, Erica Stevenson, Ajda Rojc, Roberta Ragazzini, M. Whelan, Wilhelm Furnon, G. D. Lorenzo, V. Cowton, Abdullah M Syed, A. Ciling, Noa Deutsch, Daniel Pirak, Giulia Dowgier, Dejan Mesner, Jane Turner, B. McGovern, M. Rodríguez, Rocio Leiva-Rebollo, Alistair S. Dunham, Xiaofang Zhong, Manon Eckhardt, A. Fossati, Nicholas F. Liotta, Thomas Kehrer, Anastasija Cupic, Magda Rutkowska, I. Mena, S. Aslam, Alyssa Hoffert, Helene Foussard, C. Olwal, Weiqing Huang, T. Zwaka, J. Pham, Molly C. Lyons, Laura K Donohue, A. Griffin, Rebecca L. Nugent, Kevin Holden, R. Deans, P. Avilés, J. López-Martín, Jose Jimeno, K. Obernier, Jacqueline M. Fabius, Margaret Soucheray, Ruth Hüttenhain, Irwin Jungreis, Manolis Kellis, Ignacia Echeverria, K. Verba, P. Bonfanti, P. Beltrão, Roded Sharan, J. Doudna, L. Martínez-Sobrido, Arvind H. Patel, M. Palmarini, Lisa Miorin, K. White, D. Swaney, Adolfo García-Sastre, Clare Jolly, L. Zuliani-Alvarez, G. Towers, N. Krogan",https://escholarship.org/content/qt6sg1f857/qt6sg1f857.pdf
Structured versus Decorated Cospans,"Brendan Fong, David Spivak",https://compositionality-journal.org/papers/compositionality-4-3/pdf/
The Impact of Pathway Database Choice on Statistical Enrichment Analysis and Predictive Modeling,"S. Mubeen, Charles Tapley Hoyt, A. Gemünd, M. Hofmann-Apitius, H. Fröhlich, D. Domingo-Fernándéz",
Immunosuppressive Traits of the Hybrid Epithelial/Mesenchymal Phenotype,"Sarthak Sahoo, S. Nayak, K. Hari, Prithu Purkait, S. Mandal, Akash Kishore, H. Levine, M. Jolly",
Childhood Trauma and Functional Connectivity between Amygdala and Medial Prefrontal Cortex: A Dynamic Functional Connectivity and Large-Scale Network Perspective,J. Cisler,
Identification of Hub Genes and Key Pathways Associated With Bipolar Disorder Based on Weighted Gene Co-expression Network Analysis,"Yang Liu, Hui-Yun Gu, Jie Zhu, Yu-Ming Niu, Chao Zhang, Guang-Ling Guo",
Identification of Lipocalin 2 as a Ferroptosis-Related Key Gene Associated with Hypoxic-Ischemic Brain Damage via STAT3/NF-κB Signaling Pathway,"Lianxiang Luo, Liya Deng, Yongtong Chen, Rui Ding, Xiaoling Li",https://www.mdpi.com/2076-3921/12/1/186/pdf?version=1673526892
"Ornithine Aminotransferase, an Important Glutamate-Metabolizing Enzyme at the Crossroads of Multiple Metabolic Pathways","A. Ginguay, L. Cynober, E. Curis, I. Nicolis",https://www.mdpi.com/2079-7737/6/1/18/pdf?version=1488875240
"EGFR in Cancer: Signaling Mechanisms, Drugs, and Acquired Resistance","M. L. Uribe, Ilaria Marrocco, Y. Yarden",https://www.mdpi.com/2072-6694/13/11/2748/pdf?version=1622599136
The Predictive and Prognostic Role of RAS–RAF–MEK–ERK Pathway Alterations in Breast Cancer: Revision of the Literature and Comparison with the Analysis of Cancer Genomic Datasets,"A. Rocca, L. Braga, M. C. Volpe, S. Maiocchi, D. Generali",https://www.mdpi.com/2072-6694/14/21/5306/pdf?version=1667900556
Astrocytes in Alzheimer’s Disease: Pathological Significance and Molecular Pathways,"Pranav Preman, Maria Alfonso-Triguero, Elena Alberdi, A. Verkhratsky, Amaia M. Arranz",https://www.mdpi.com/2073-4409/10/3/540/pdf?version=1615378939
Metabolomics in Diabetes and Diabetic Complications: Insights from Epidemiological Studies,"Qiao Jin, R. Ma",https://www.mdpi.com/2073-4409/10/11/2832/pdf?version=1634823481
The Centrosome and the Primary Cilium: The Yin and Yang of a Hybrid Organelle,"V. Joukov, A. De Nicolo",https://www.mdpi.com/2073-4409/8/7/701/pdf?version=1562923091
Clinical Metabolomics: The New Metabolic Window for Inborn Errors of Metabolism Investigations in the Post-Genomic Era,"A. Tebani, L. Abily-Donval, C. Afonso, S. Marret, S. Bekri",https://www.mdpi.com/1422-0067/17/7/1167/pdf?version=1469012201
"ZO-2 Is a Master Regulator of Gene Expression, Cell Proliferation, Cytoarchitecture, and Cell Size","L. González-Mariscal, Helios Gallego-Gutiérrez, Laura González-González, Christian Hernández-Guzmán",https://www.mdpi.com/1422-0067/20/17/4128/pdf?version=1566627955
A Double Negative Feedback Loop between mTORC1 and AMPK Kinases Guarantees Precise Autophagy Induction upon Cellular Stress,"Marianna Holczer, Bence Hajdú, T. Lőrincz, A. Szarka, G. Bánhegyi, O. Kapuy",https://www.mdpi.com/1422-0067/20/22/5543/pdf?version=1573101292
Targeting MAPK Signaling in Cancer: Mechanisms of Drug Resistance and Sensitivity,"Shannon Lee, Jens Rauch, W. Kolch",https://www.mdpi.com/1422-0067/21/3/1102/pdf?version=1581350512
A Retrospective on eIF2A—and Not the Alpha Subunit of eIF2,"A. Komar, W. Merrick",https://www.mdpi.com/1422-0067/21/6/2054/pdf?version=1584445982
Glutamate and GABA in Microglia-Neuron Cross-Talk in Alzheimer’s Disease,"G. Czapski, J. Strosznajder",https://www.mdpi.com/1422-0067/22/21/11677/pdf?version=1635684910
From Traditional Ethnopharmacology to Modern Natural Drug Discovery: A Methodology Discussion and Specific Examples,"S. Pirintsos, Athanasios Panagiotopoulos, M. Bariotakis, Vangelis Daskalakis, C. Lionis, G. Sourvinos, I. Karakasiliotis, M. Kampa, E. Castanas",https://www.mdpi.com/1420-3049/27/13/4060/pdf?version=1656057713
"A comprehensive analysis of coregulator recruitment, androgen receptor function and gene expression in prostate cancer","Song Liu, S. Kumari, Q. Hu, Dhirodatta Senapati, V. B. Venkadakrishnan, Dan Wang, Adam D. DePriest, S. Schlanger, S. Ben-Salem, M. M. Valenzuela, B. Willard, Shaila Mudambi, Wendy M Swetzig, G. Das, Mojgan Shourideh, S. Koochekpour, S. Falzarano, C. Magi-Galluzzi, Neelu Yadav, Xiwei Chen, C. Lao, Jianmin Wang, J. Billaud, H. Heemers",
Rab5 and Alsin regulate stress-activated cytoprotective signaling on mitochondria,"F. Hsu, Stephanie Spannl, C. Ferguson, T. Hyman, R. Parton, M. Zerial",
Structural basis for Scc3-dependent cohesin recruitment to chromatin,"Yan Li, K. Muir, M. Bowler, Jutta Metz, C. Haering, D. Panne",
Vasoactive intestinal peptide-expressing interneurons are impaired in a mouse model of Dravet syndrome,"Kevin M Goff, Ethan M. Goldberg",
A conserved and regulated mechanism drives endosomal Rab transition,"Lars Langemeyer, Ann-Christin Borchers, Eric Herrmann, Nadia Füllbrunn, Yaping Han, A. Perz, K. Auffarth, D. Kümmel, C. Ungermann",
A transcriptomic taxonomy of Drosophila circadian neurons around the clock,"Dingbang Ma, Dariusz Przybylski, Katharine C. Abruzzi, Matthias Schlichting, Qunlong Li, Xi Long, M. Rosbash",
Akt phosphorylates insulin receptor substrate to limit PI3K-mediated PIP3 synthesis,"Alison L. Kearney, Dougall M. Norris, Milad Ghomlaghi, Martin Kin Lok Wong, Sean J. Humphrey, Luke Carroll, Guang Yang, Kristen C Cooke, Pengyi Yang, Thomas A. Geddes, Sung-young Shin, D. Fazakerley, Leann Nguyen, D. James, J. Burchfield",
Identifying communities from multiplex biological networks,"Gilles Didier, C. Brun, A. Baudot",https://peerj.com/articles/1525.pdf
Parcellating connectivity in spatial maps,"Christopher A. Baldassano, D. M. Beck, Li Fei-Fei",
Modularity of biological systems: a link,"Wheeler, Veliz-Cuba, Laubenbacher",
